left_0_x,left_1_x,left_2_x,left_3_x,left_4_x,left_5_x,left_6_x,left_7_x,left_8_x,left_9_x,left_10_x,left_11_x,left_12_x,left_13_x,left_14_x,left_15_x,left_16_x,left_17_x,left_18_x,left_19_x,left_20_x,left_0_y,left_1_y,left_2_y,left_3_y,left_4_y,left_5_y,left_6_y,left_7_y,left_8_y,left_9_y,left_10_y,left_11_y,left_12_y,left_13_y,left_14_y,left_15_y,left_16_y,left_17_y,left_18_y,left_19_y,left_20_y,right_0_x,right_1_x,right_2_x,right_3_x,right_4_x,right_5_x,right_6_x,right_7_x,right_8_x,right_9_x,right_10_x,right_11_x,right_12_x,right_13_x,right_14_x,right_15_x,right_16_x,right_17_x,right_18_x,right_19_x,right_20_x,right_0_y,right_1_y,right_2_y,right_3_y,right_4_y,right_5_y,right_6_y,right_7_y,right_8_y,right_9_y,right_10_y,right_11_y,right_12_y,right_13_y,right_14_y,right_15_y,right_16_y,right_17_y,right_18_y,right_19_y,right_20_y,class_id
504.3205833,623.7956429,557.0343018,597.6914835,598.5918045,552.0350504,634.1623306,515.8907282,658.9990997,475.3273273,552.8281403,471.5913105,563.4768677,411.4403594,595.6493568,397.7400434,618.0459595,407.8039277,537.5178337,466.3673115,545.3379822,390.0891817,585.8410263,377.2502732,613.07024,396.3942289,519.6192169,466.3236022,531.378479,391.9617283,575.317955,385.1087058,604.319973,403.8470793,504.9528122,474.8856318,532.598877,423.6986876,571.1324501,414.6811867,599.7491455,423.7543702,0,0,0,0,0,0,0,0,0,0,0,0,0,0,0,0,0,0,0,0,0,0,0,0,0,0,0,0,0,0,0,0,0,0,0,0,0,0,0,0,0,0,0
415.4723167,663.896234,461.10672,635.5827284,496.8732834,579.0631557,529.436245,546.301024,554.4453049,523.043021,424.2968559,490.1794374,453.6055756,427.751677,505.1867867,434.2498755,537.8132057,460.6282961,401.6845036,490.9710646,443.5483932,417.5450778,504.433651,429.5569861,536.479969,459.3961322,385.6677532,500.6083167,434.5735073,435.2783632,496.7472267,449.3685865,529.6191788,476.3419747,377.943449,522.6366019,437.4090958,483.1487453,491.9569016,486.5752566,526.7155838,500.0038862,0,0,0,0,0,0,0,0,0,0,0,0,0,0,0,0,0,0,0,0,0,0,0,0,0,0,0,0,0,0,0,0,0,0,0,0,0,0,0,0,0,0,0
408.0514526,672.5475812,456.9538021,640.11343,493.6271095,583.1713772,527.6766586,549.3667245,549.4093323,522.7534389,415.8679962,495.6116509,450.6622124,435.6188321,504.2924881,442.3490953,539.2298698,467.0695245,393.5834885,495.9318101,441.5952587,424.9160457,503.7877464,437.1222961,538.9386749,466.5660954,379.7142792,506.7588043,431.8363953,443.7394881,494.7839355,455.907855,531.1269379,480.576303,376.0176659,530.3048444,437.290678,495.5604744,491.5623093,496.9842124,528.8116837,507.2399604,0,0,0,0,0,0,0,0,0,0,0,0,0,0,0,0,0,0,0,0,0,0,0,0,0,0,0,0,0,0,0,0,0,0,0,0,0,0,0,0,0,0,0
429.2438507,732.3555207,394.808979,650.1213741,401.555872,573.1575751,436.223402,537.1091366,475.7623959,535.4097211,399.3274498,526.2424242,418.1680298,437.7898121,432.0736885,385.7587123,442.3943996,344.9174452,448.1265163,538.7250924,487.5583649,500.0657165,480.4962158,527.640574,464.7255707,553.0984926,493.4027481,563.6290169,513.9415741,542.3689914,504.4713593,565.9185719,490.5215836,586.7309475,528.4031868,592.5693226,534.291172,580.0968575,523.2091141,601.0446739,512.513752,619.1346502,0,0,0,0,0,0,0,0,0,0,0,0,0,0,0,0,0,0,0,0,0,0,0,0,0,0,0,0,0,0,0,0,0,0,0,0,0,0,0,0,0,0,1
431.3179207,714.8571968,396.7930984,669.7255325,391.8235302,609.7959924,421.8146324,570.9180379,455.3031635,559.08705,391.5244675,591.3054872,399.8661518,491.212914,412.2665977,435.0069022,422.7931881,392.0880282,429.605484,600.8049488,483.1221771,541.3776469,481.7996979,572.3684907,463.0972767,600.4254055,469.1703415,621.8914247,512.0427704,580.6301236,503.2727051,605.4504275,485.2980995,625.1204395,504.0652084,645.6600666,528.1227493,618.1635189,519.9971008,637.6852798,505.5277061,653.1144619,0,0,0,0,0,0,0,0,0,0,0,0,0,0,0,0,0,0,0,0,0,0,0,0,0,0,0,0,0,0,0,0,0,0,0,0,0,0,0,0,0,0,1
429.7834682,787.252121,395.789423,717.5933719,399.7707367,644.7980475,435.3331089,603.7439632,474.6265984,589.8278046,388.4082699,607.1295333,408.8206673,506.7923748,426.8047714,448.5196996,441.8896294,404.4171667,434.8406982,616.0746789,498.2157898,556.8883252,496.6240883,590.7348847,475.8852196,619.222455,483.6582184,635.9462428,524.5319366,598.5336757,516.9243622,627.4544764,498.7078857,649.7605634,524.6724701,660.7890773,541.5908432,641.8739033,531.9468498,666.9141054,518.513031,684.6791267,0,0,0,0,0,0,0,0,0,0,0,0,0,0,0,0,0,0,0,0,0,0,0,0,0,0,0,0,0,0,0,0,0,0,0,0,0,0,0,0,0,0,1
897.6493835,979.131217,941.0286713,896.0516596,942.6358223,821.499145,945.5225372,768.0476546,954.9771309,719.1248703,850.2083588,778.7188983,942.3849678,748.0328608,963.8821793,793.2487893,959.3451118,817.3159289,838.7814331,800.8828497,948.173275,781.6790915,960.0060654,829.1208458,945.2838707,853.2698035,841.7772102,829.5796323,951.3714409,814.3221331,959.9556541,855.5873609,945.8683777,875.8018398,855.9706879,860.3115034,943.3741379,845.7519364,955.2575684,877.6337028,947.8331566,895.0392008,1013.75988,942.1457005,1002.396126,871.2648296,995.4093933,801.5397763,975.2137756,753.2321405,961.4535141,715.2463317,1081.801071,773.6152768,992.1147537,722.6169777,981.9474792,763.6687446,1000.986328,783.928349,1084.53186,800.6547117,983.58284,750.6019235,979.5522308,790.3509736,1002.317734,806.9050741,1073.670044,832.8489447,976.4995193,783.8570237,973.9683151,823.0030918,998.3786774,841.1616898,1054.668846,867.2686815,977.1170425,828.8967633,973.3273315,859.0734816,997.1334457,878.6794424,10
997.1880341,974.9631929,987.5351715,899.7119093,984.9077225,822.9582238,969.2842484,769.2692614,958.3083344,726.7796588,1078.294945,789.5132875,990.6636429,735.1648879,973.5183334,776.6407442,991.4931107,802.9382157,1079.995537,816.773715,978.4022141,763.7346625,969.3475342,805.0887251,991.7314911,825.6616974,1067.786522,848.059516,970.4188156,794.7139192,964.0299225,836.9096589,987.7807617,858.0659795,1047.472801,882.538991,966.3087845,841.0840559,959.0852737,874.024179,980.2127838,896.9447064,894.5785904,985.1563382,942.5421524,899.6351767,947.6270485,827.507143,949.7290993,774.4102192,952.5336456,725.3415012,851.7583466,779.248817,944.5034981,744.4848776,962.3598862,789.5687771,952.5394249,812.9087591,837.1045876,800.983336,950.6111526,783.6528325,957.4476814,830.8079982,935.9388542,850.6068206,837.4279404,829.5113969,952.1178246,816.2587953,955.6424332,859.4259882,935.4228401,876.622982,850.6221771,860.4554415,941.9718361,845.949111,950.0961685,878.1370997,936.9414711,892.9719257,10
996.0277176,971.5803266,986.5664291,899.3595958,983.506279,825.3152418,968.3365631,774.3341947,960.2822113,735.3274941,1074.843178,790.8485126,987.6925278,744.0366483,972.8862762,784.935658,992.3573685,807.5383115,1080.076561,822.2872639,976.908989,774.6858644,968.770752,815.3096151,992.0872879,832.8098702,1069.895554,857.1040535,969.217186,809.766326,964.9018478,849.7442222,990.8752441,867.2067547,1050.951691,894.2664027,966.4313507,856.1774683,963.4744263,886.6546798,988.6172104,905.6234121,893.842392,993.867681,942.4927711,915.9546375,948.490963,840.7859445,949.3279266,786.6855097,957.2973061,739.1089582,852.6548767,790.6013203,946.8099403,760.6392217,959.2060089,804.1661954,946.906929,822.8897309,836.4035225,811.1183524,949.4815636,796.4463258,952.2260284,840.0567913,928.7028694,856.7317843,835.4995537,840.5120373,948.1174278,829.7342563,951.0443687,870.0994205,931.4858437,884.4959307,847.1903229,872.8778887,938.0935478,862.5925612,944.894886,894.6201324,931.3494873,908.162992,10
416.3511944,768.355422,379.5052242,704.0072536,385.7169056,632.9032016,421.5452671,591.3114738,457.2194481,573.5756779,380.5335045,602.1744204,379.9243355,508.0588496,376.9849777,447.2284734,375.4184532,403.0255187,428.7688351,611.3760924,475.6966782,507.3533535,504.4508171,446.9782555,529.1771507,401.1020851,473.8342381,633.1940389,516.97855,564.2842698,500.3861618,587.8780746,484.4641685,614.1626072,512.3285866,662.5126004,539.3865967,612.0484042,524.1263008,629.8101425,511.0069084,650.5607843,0,0,0,0,0,0,0,0,0,0,0,0,0,0,0,0,0,0,0,0,0,0,0,0,0,0,0,0,0,0,0,0,0,0,0,0,0,0,0,0,0,0,2
404.6896362,788.0795717,366.1615849,731.126318,365.7899094,656.314187,395.1162529,602.9504371,424.4400501,571.2418342,360.7191467,625.7429266,363.9892101,527.8873479,363.8376045,466.0591578,364.4992733,420.0147486,402.9012108,639.7835827,452.584362,529.1850114,484.3426895,468.5570884,510.6756592,422.2165632,446.7162609,663.8979721,504.14011,582.3689675,488.4742928,611.0513949,469.5683098,641.4207172,488.9389229,694.0559578,529.7236633,632.2316623,514.3610001,652.260747,495.0601387,676.8315411,0,0,0,0,0,0,0,0,0,0,0,0,0,0,0,0,0,0,0,0,0,0,0,0,0,0,0,0,0,0,0,0,0,0,0,0,0,0,0,0,0,0,2
409.4781303,780.7436228,370.7038021,723.0975866,372.0946884,648.5939312,402.9962254,594.9520898,433.5750961,562.255168,362.9983807,617.4360394,371.8928146,514.4900036,373.7999439,451.8424416,376.2662888,405.5573738,405.5354977,630.2261209,457.0556831,517.9978502,492.4616432,457.9036438,519.9942398,412.8890419,450.0966454,652.1350265,508.8319016,572.9598212,496.9589996,600.140748,478.6782646,630.1511264,492.3031425,680.5709696,534.0000343,622.5952148,519.906292,642.4711561,500.2407074,666.8140697,0,0,0,0,0,0,0,0,0,0,0,0,0,0,0,0,0,0,0,0,0,0,0,0,0,0,0,0,0,0,0,0,0,0,0,0,0,0,0,0,0,0,2
419.3861961,702.2191,362.9300308,656.003201,360.3080177,587.3502159,392.8513241,540.9391379,432.4094582,529.1409481,377.0907784,553.7694526,404.5987701,490.95613,419.6520424,495.1690865,431.0425472,511.6809261,429.4423485,550.8891463,451.6939831,453.8677454,467.93046,396.345048,483.9455795,351.4430022,477.8355789,562.666254,504.000206,469.928813,521.8789673,411.4371729,535.3793335,367.5829268,519.5829391,584.891746,566.0421181,530.7587385,595.0681686,498.3374619,618.8210678,471.8966317,0,0,0,0,0,0,0,0,0,0,0,0,0,0,0,0,0,0,0,0,0,0,0,0,0,0,0,0,0,0,0,0,0,0,0,0,0,0,0,0,0,0,3
407.9286575,761.7940736,362.7496719,710.7395768,361.2064075,631.0107636,388.0645752,574.171772,424.3228626,547.0403481,380.7624722,619.8699832,404.3091488,543.1715941,427.1720123,497.8304279,449.5226097,463.4779286,414.4311619,615.8692002,431.7097092,517.5651991,444.8664093,448.2909501,456.7707539,393.1389499,447.1553421,622.2815895,465.8569908,532.7885163,479.7165871,464.4060588,492.0051956,412.5691402,474.1129017,637.0671058,519.9441719,578.9367914,552.1887016,543.1022,579.8946762,514.9843562,0,0,0,0,0,0,0,0,0,0,0,0,0,0,0,0,0,0,0,0,0,0,0,0,0,0,0,0,0,0,0,0,0,0,0,0,0,0,0,0,0,0,3
404.7424793,758.1096196,353.2749653,705.7346392,351.529541,627.1594548,393.7928581,572.4073076,438.2575607,558.4334707,347.5923729,608.0085468,387.9004955,537.2323465,414.1785622,540.5825758,430.6910419,556.4097762,400.3960705,606.3511348,420.7305908,503.3310699,434.2053223,437.4015141,445.2109337,386.0137904,452.5091457,615.6717682,478.2812977,523.7696958,496.2642288,463.5757756,506.4325905,419.1953123,498.0157471,634.9202013,544.7571373,578.2754874,573.9147377,549.2910218,597.4378967,524.3063092,0,0,0,0,0,0,0,0,0,0,0,0,0,0,0,0,0,0,0,0,0,0,0,0,0,0,0,0,0,0,0,0,0,0,0,0,0,0,0,0,0,0,3
408.3163834,743.8985682,364.0362453,678.6858058,361.5288734,601.2132668,381.8027401,539.5307851,406.2146187,500.5150723,363.4553146,582.1461082,356.8081856,489.5261478,351.8433094,428.2111073,347.418623,382.2718513,412.4449253,589.662044,438.1733036,480.7305408,455.6923199,410.5920839,468.4776592,359.2958987,460.3131866,605.6043434,494.337101,508.1226754,512.3945618,445.4224885,524.8729706,398.2286668,502.6618767,628.6542606,556.9976807,567.4856687,589.4287491,534.9804819,614.395237,509.1991854,0,0,0,0,0,0,0,0,0,0,0,0,0,0,0,0,0,0,0,0,0,0,0,0,0,0,0,0,0,0,0,0,0,0,0,0,0,0,0,0,0,0,4
410.1341057,745.518322,367.1076107,680.2919769,368.8217354,601.0799503,395.1944733,540.8685851,426.2347698,505.2083802,366.4064884,582.5126481,363.2679176,489.4732332,361.7380714,426.7643881,361.3914299,379.6307874,414.2713737,589.1469955,435.9993839,482.9171956,451.6834545,414.5151043,463.683157,363.3897328,461.9379616,604.6795607,498.3332062,507.6934361,517.858429,444.454608,531.7808533,395.8662736,504.131012,627.430594,558.0244446,567.0204449,591.2745667,534.3886042,617.1992111,508.1293058,0,0,0,0,0,0,0,0,0,0,0,0,0,0,0,0,0,0,0,0,0,0,0,0,0,0,0,0,0,0,0,0,0,0,0,0,0,0,0,0,0,0,4
413.9420128,740.0695324,371.2985516,673.5732365,374.8998928,595.8715296,404.7298336,538.0587029,437.4902058,504.6118999,369.2552376,576.6836071,370.0770664,485.2423167,370.3778458,424.1767859,371.0072422,377.4849129,415.9968567,584.8563409,439.570055,480.2111793,456.6945648,413.482883,469.8008823,363.3809459,463.5042858,601.022594,501.6448975,507.0528603,523.0185127,444.5245814,538.3541107,396.1752319,506.2490845,623.8744354,561.3425446,563.5153341,594.802494,532.276783,620.5322456,506.7423892,0,0,0,0,0,0,0,0,0,0,0,0,0,0,0,0,0,0,0,0,0,0,0,0,0,0,0,0,0,0,0,0,0,0,0,0,0,0,0,0,0,0,4
429.3258476,753.6898971,363.1983089,704.6520782,323.0450535,634.7395706,288.2366753,578.6351395,245.7954597,548.993361,393.8899612,571.01331,394.8119545,469.4696403,396.9178391,407.3106694,400.1833534,361.631062,445.8207321,575.1252651,471.8082619,471.1011744,489.5390511,405.0569057,505.4310036,358.0933142,491.7545128,592.3907518,520.2596855,500.6407607,538.8303566,440.5939007,554.3697166,395.2140784,529.1492844,619.7121406,579.3458176,567.1455216,612.9552269,535.3903449,641.0678101,510.1020169,0,0,0,0,0,0,0,0,0,0,0,0,0,0,0,0,0,0,0,0,0,0,0,0,0,0,0,0,0,0,0,0,0,0,0,0,0,0,0,0,0,0,5
427.0095634,756.7630005,361.2984467,706.7499304,325.7777882,635.3500199,297.8850174,576.1975908,259.7913265,544.8380828,388.6622143,576.1540103,389.3236828,472.1332026,390.8485794,409.4790101,393.9774513,363.8007867,442.0937634,581.0744905,467.2892761,474.3316054,482.9930878,407.1268845,496.8537712,359.3292117,488.7696648,598.8308859,521.0725594,504.485085,541.3172722,443.1824362,558.3190727,397.6097202,525.9372711,625.5626178,576.9189835,570.9602666,611.0801697,538.2425845,639.977932,512.1351743,0,0,0,0,0,0,0,0,0,0,0,0,0,0,0,0,0,0,0,0,0,0,0,0,0,0,0,0,0,0,0,0,0,0,0,0,0,0,0,0,0,0,5
705.7475853,823.5452414,740.3210449,761.7192721,787.904892,738.0618668,824.3955803,750.7321501,843.7327194,776.3417959,816.3137054,726.5409636,870.7572556,722.7108335,891.9960594,727.2808027,903.2814217,732.0857978,825.7758522,763.1915474,867.1124268,772.296145,851.3844681,784.2184782,833.9060211,786.4219022,826.7285156,807.6691818,845.4099655,823.7573504,825.5185318,827.2560239,806.6916275,821.823585,820.7930946,850.0924158,831.1481094,864.9630976,813.1804276,863.9431071,796.4407539,857.0177937,1068.634872,823.4894943,1061.388931,747.5087357,1008.532677,681.0243487,949.2683029,638.8502383,905.31744,609.3005776,1017.453232,691.7660165,937.1728134,677.8629899,930.1595306,692.7372766,937.1965599,694.2387772,1007.933578,733.8712478,934.8697472,731.4391065,955.2384567,750.799098,983.931427,756.6994643,995.6806183,777.4455357,933.9998817,771.2641168,953.513031,785.1018691,979.6643829,790.1575327,980.87883,816.8025541,937.6249695,809.5708895,956.4015198,819.8625898,980.1040649,825.0769329,6
754.4641113,900.3848004,790.7956696,855.2100062,852.5863838,837.8162885,903.7155533,847.9500818,935.8111954,868.8285041,875.6569862,818.5101128,946.8416405,794.2878342,992.7987671,778.1157231,1028.747978,763.8506627,873.0718231,851.0208035,945.3764534,894.461453,923.3501816,907.7056217,900.0717545,898.4277964,862.3746872,891.43399,924.600563,935.2858543,898.5800171,937.2844434,875.3849602,923.300693,847.7362061,930.583148,897.9871559,964.7965693,874.8034286,964.4822359,853.1540108,952.6497674,1115.77652,877.0627141,1100.895195,822.7332401,1053.708572,772.3830485,997.4975967,759.7112846,957.9029274,778.5976195,1043.893089,753.7698483,960.8124161,767.5555873,976.9226074,788.0679846,1001.500282,790.7412028,1038.271866,793.1042719,960.2132034,810.2081823,977.3709869,824.3127608,1003.326988,822.2040296,1031.570091,835.1003909,961.1973953,848.027072,979.9781799,859.8937869,1005.611458,857.1533632,1022.309761,877.5242686,966.2363434,881.9150877,986.6806412,892.0123172,1011.145821,891.7645454,6
759.764328,906.0407424,794.0933418,861.0888076,853.7200356,843.4609652,904.9601555,852.8179693,937.6567841,872.0750928,873.455658,823.8813329,947.2774887,797.928257,995.1489258,782.4104333,1031.562309,768.7552428,873.3206749,856.8426347,947.6631546,894.6517396,932.4219131,910.0426841,913.295002,904.2532969,864.7048759,896.9270682,926.0851479,938.6839128,902.1900558,940.0970936,879.0568542,926.0477471,852.0976639,935.8596754,899.8249054,968.2958221,877.1624565,967.7755594,856.2044334,955.920496,1111.396866,873.6969709,1095.436935,820.8376479,1050.711365,773.1129742,998.095665,763.0553341,961.0277939,783.6169767,1042.662735,757.3063087,963.3942032,766.6929245,969.365387,788.8056993,987.1679306,798.0391073,1038.814888,794.3630862,957.9703331,812.4625897,974.550705,828.4615374,1001.386642,828.5216618,1034.1362,835.9183788,960.0090408,850.7736754,980.6331253,862.5452471,1007.596779,860.4223537,1027.459717,878.3109713,970.9799194,885.7978749,991.8746567,893.8376784,1015.413666,892.4166441,6
763.1207657,887.3754001,806.6469955,937.5607324,853.3276749,956.7579889,893.5972595,942.3743534,911.3919067,915.7340312,890.0933075,913.5398126,947.6509094,894.3058634,953.0851364,888.1371903,947.1608162,884.7181463,883.7697029,872.7407742,951.4241409,858.3017778,937.530899,859.9134851,917.042942,861.9659543,872.2465324,835.7709646,937.4701881,827.4690342,927.6370239,829.2942667,908.7617111,830.6302643,856.2669754,802.6082397,908.5342598,787.247808,922.7156067,785.9704542,926.0553932,785.9395552,1103.678169,876.9272089,1097.651138,825.5264497,1051.94973,781.1254835,994.3805695,771.4623857,954.948864,786.8880916,1053.378983,756.1560273,969.8872375,761.5793896,977.7309036,786.2212515,1000.936203,791.0986018,1050.165024,792.610724,962.9460526,804.9483275,979.4808197,821.9005752,1005.44838,820.7074213,1043.220291,832.4988842,965.1387405,841.2225866,983.6075592,853.6651826,1010.572929,847.9989409,1034.798813,870.4821825,975.1161575,876.0933208,991.7784119,885.271368,1015.9758,883.1301284,7
725.514679,912.3312092,762.3524666,867.5140071,829.5889091,852.727654,882.9873276,867.3528814,918.9616013,888.8534045,859.2471886,833.6763954,936.4001083,812.5523257,989.813118,797.6154041,1030.71785,786.2257576,859.5145798,867.7641606,951.6898727,876.1478448,1007.296829,878.7174225,1052.551804,877.6499248,848.7130165,907.8736997,929.0554047,950.4697108,901.8499374,951.9793224,872.5032806,940.9404445,831.4201927,948.3555722,886.0182953,983.294735,865.057354,979.2906046,841.8382072,965.5703974,1116.245842,913.3141208,1098.865814,857.5418544,1050.579185,812.398603,1003.961334,795.1658821,974.1225815,798.2208323,1045.148163,800.9589386,958.409214,805.2438641,929.3721771,825.8775401,918.6784172,838.7428737,1047.639885,838.2375455,966.3005447,845.1175404,950.2930069,863.4307623,955.1266479,873.3833456,1047.678452,881.0149598,973.3617783,885.1536942,961.9176865,895.4820871,969.2570114,899.5072675,1043.443222,922.7870607,987.4578094,926.4382982,984.9911499,928.8711476,996.2804031,927.8224468,7
740.4627228,913.8049006,774.6145248,869.7207785,838.6923981,852.57406,892.6231956,868.4972405,929.1583443,890.1657128,862.6099205,834.4326496,940.6037521,810.9672046,993.3467102,795.3815961,1033.802032,782.2566462,859.9346924,868.7588525,954.8162842,880.2102971,1012.479858,885.5335593,1057.240219,887.6493716,848.9525986,909.9739981,931.5411758,954.2771816,905.8275604,950.9174252,876.0093498,937.5676203,833.7244034,952.3598957,888.460865,986.5540051,867.6221466,978.3219838,844.8778152,963.1377411,0,0,0,0,0,0,0,0,0,0,0,0,0,0,0,0,0,0,0,0,0,0,0,0,0,0,0,0,0,0,0,0,0,0,0,0,0,0,0,0,0,0,7
714.7881889,856.763134,728.0233383,788.8184452,775.8697701,745.8680606,824.0281105,736.8150258,854.9724197,752.5356245,815.854454,737.6830959,875.8312798,709.5741034,878.3142471,726.27285,867.6488113,746.8963552,845.7460213,775.1172924,930.7601166,735.0483727,985.7751846,715.4109979,1030.155716,701.5276051,860.6822205,817.7470994,945.4549599,807.6699543,997.7362061,806.842761,1036.812057,805.2713513,860.9117317,859.6941018,926.4857483,870.9644651,965.4644394,881.4710426,997.4642944,889.2573452,1106.819458,907.9909873,1097.347069,845.9167314,1056.007347,797.095592,1009.278717,773.626349,973.8441467,776.112113,1050.753708,798.6567664,976.9087601,779.7854304,961.9216919,791.0550857,966.3654327,802.0575929,1041.835442,841.0740781,966.3317871,834.1271353,963.1914139,844.919014,979.7577667,848.7073016,1033.183365,884.4513202,975.6266785,886.8944693,975.2243042,893.4583282,990.0402832,891.0745955,1024.740829,922.8332162,986.110611,925.9032941,989.4261932,925.6815934,1002.125015,921.6123819,8
728.4000206,889.8762274,750.4113579,823.8839078,807.6052094,790.7538199,861.4645386,794.7993422,892.5857735,818.6247611,842.4032021,778.9890718,904.2901039,772.8110003,904.7924995,789.3717313,890.5392838,806.5330625,866.3357162,818.2789493,953.4057426,790.963676,1006.345253,773.8361406,1049.109993,760.5062914,876.7972183,862.1162653,965.855484,850.7380128,1019.533195,847.8958154,1061.160965,842.5140381,872.8523254,906.596539,941.7891312,919.7584391,980.8300781,933.7334347,1013.032951,944.141264,1101.966476,919.404645,1085.21347,861.6303134,1037.821541,812.5968075,986.4138794,799.5652628,945.8400536,811.2002349,1037.074127,799.2668939,951.9875908,804.6549797,910.0298882,816.498971,884.3730927,825.7001281,1034.500923,842.3593497,947.7552795,845.6770706,912.969532,852.7239847,895.6431198,856.9146681,1028.562584,887.7376914,950.4500198,887.4986744,939.8605728,890.7010388,945.6039047,891.5553331,1017.524185,929.864037,952.8023529,923.4614968,950.052166,921.6998649,962.7753067,921.5974474,8
729.1520691,894.0945268,749.562149,825.8640218,807.3767853,794.5475793,860.8281898,798.3822155,892.7031326,819.910934,839.8399544,785.6454992,903.2708359,772.4326158,905.0410652,786.6750813,893.235054,804.48246,862.6242256,825.777247,950.4789162,798.6697698,1003.617096,780.0386095,1047.174454,764.4394827,872.1835899,868.8414431,962.1718597,853.7676644,1016.615753,845.616045,1059.290199,837.084496,868.3119965,910.7910204,936.7851448,923.4632349,976.6354752,935.193994,1010.176849,944.4606829,1102.095909,921.6558337,1084.960442,862.3865032,1040.667915,812.9142308,993.1246948,796.1927605,953.1670189,798.1970787,1036.677933,801.4500403,951.8424225,805.0598216,905.1906967,814.1946745,871.9085312,821.8215251,1035.877991,847.081368,947.5066566,848.7738633,899.8923683,851.6581607,868.605938,853.7939286,1030.99102,894.0038252,952.8299904,892.2401977,940.0611877,893.0563188,942.1697044,893.9480138,1021.056633,937.003262,957.7282906,928.4855533,951.7793655,923.6300254,960.0373077,920.9121966,8
720.4105568,853.3820057,757.5490379,792.0161104,823.0781937,764.1076398,879.2637062,766.1257339,916.2148476,783.6199379,844.7533607,739.6737671,917.6913071,703.7261367,964.5975494,684.3931174,1001.820831,669.4256186,853.813076,780.0993776,941.4930725,762.527926,995.3608704,756.5564275,1038.435059,751.9961143,854.5973396,829.2316961,942.4841309,840.0983763,993.7770081,846.0320234,1033.932495,847.8831983,849.0982819,879.171381,916.7701149,902.7418184,956.2799263,917.0655227,990.7159424,926.243763,1097.279892,900.7965946,1087.610664,834.0097189,1036.528816,778.2326245,972.1171188,755.7647038,922.2624207,757.38729,1041.886139,765.9919667,947.0424271,738.5864425,930.4181099,756.2142849,936.1237335,767.3622751,1029.27578,805.5031586,934.1704559,783.8713789,932.0602798,802.2245121,952.0064163,812.4622035,1014.699097,848.1173229,929.1057014,833.5685062,939.0406036,851.6704559,965.7843018,858.7105465,998.4062576,888.5278702,929.066906,886.0626411,943.6642456,898.8680434,970.0550079,904.3355012,9
1121.167717,919.2056036,1082.166252,858.6576319,1018.67775,812.349422,963.1733322,797.8194022,920.6830215,803.1147265,1037.944794,801.3436961,947.7178001,806.1412239,916.0059357,820.524087,903.76688,827.5567746,1044.512215,841.1664534,958.1324959,846.8691301,927.140007,857.6362252,917.8348732,865.8646417,1047.337303,888.1705356,962.7596283,890.6668568,938.9958,896.6934586,936.5313721,899.2625856,1044.303932,937.9846287,974.0306854,948.8001966,958.4349632,951.3746023,959.9477005,951.2405777,0,0,0,0,0,0,0,0,0,0,0,0,0,0,0,0,0,0,0,0,0,0,0,0,0,0,0,0,0,0,0,0,0,0,0,0,0,0,0,0,0,0,9
1117.673492,927.2056246,1088.390808,862.561276,1033.49041,810.6065226,977.5146103,792.9804182,933.5507011,798.0761862,1039.552574,802.6066303,947.1636772,808.2565212,915.9217072,824.3345189,902.9992104,832.7814174,1041.129913,843.4870362,952.7532005,851.5090084,931.5961647,866.6207671,929.6380806,875.4160523,1039.566193,891.6021323,956.8960762,896.0688472,947.3259544,905.9808111,955.6380844,909.3265986,1032.300911,940.7535052,964.2753983,948.274076,962.8722382,953.8061643,976.7867661,956.6298866,744.4942474,886.5268993,773.891716,828.869791,835.4940605,799.3386698,892.232151,793.8303995,931.4545441,801.1863685,852.9788589,795.3339601,931.7385864,768.1919789,981.7731857,754.041245,1021.79306,744.1730547,863.4420776,838.130815,953.9076233,822.9009962,1013.239517,813.3628464,1060.16098,806.7942882,866.3671303,883.4026837,954.6106339,881.1170554,1008.878746,877.6179314,1050.887146,874.7458649,863.1921959,924.7398162,930.9590721,941.8828654,973.12603,954.9198174,1008.049164,965.736351,9
256.3004303,548.7688065,297.8961563,519.2727041,326.1113739,479.134326,338.4931183,443.8475275,350.3414154,414.7336292,306.2365723,433.3549404,315.6410408,428.6166573,313.7310028,466.476531,311.1412239,497.2922373,278.6122704,432.316432,289.6925545,437.1671104,291.2866974,477.3547554,291.6590118,508.2841015,250.9230232,436.3729191,263.1595039,444.2794704,266.5995026,479.5597029,267.4502182,507.4548912,223.001976,444.733386,237.3171043,443.7303257,243.3758736,472.0468569,245.5693054,494.0904951,0,0,0,0,0,0,0,0,0,0,0,0,0,0,0,0,0,0,0,0,0,0,0,0,0,0,0,0,0,0,0,0,0,0,0,0,0,0,0,0,0,0,A
260.6567383,507.6053524,299.5570374,486.7900801,330.071907,439.3320608,348.4119034,401.5042877,359.629364,369.5442438,313.0599594,407.1725464,329.5721817,385.6961632,321.329689,419.474144,311.7877197,445.8353233,286.4004707,405.6491375,299.8013306,391.99296,293.312149,433.2408285,288.1808281,460.8314037,259.5247841,408.4626245,273.2053757,402.9182625,272.0301628,442.2946787,270.5702019,466.6022301,232.3061562,414.1117001,249.6876526,409.9029064,252.2379875,438.9178848,251.5449142,455.9170389,0,0,0,0,0,0,0,0,0,0,0,0,0,0,0,0,0,0,0,0,0,0,0,0,0,0,0,0,0,0,0,0,0,0,0,0,0,0,0,0,0,0,A
437.9396725,775.4053617,485.4104805,757.3891568,508.6728859,705.6875825,480.8052063,658.818748,444.9837112,636.6579509,518.3200836,619.6617365,530.362587,549.4707513,534.6585846,507.4830973,534.6423912,471.5575469,480.0032043,607.0320082,495.0432014,531.8075359,502.7498245,484.2841887,508.0587387,444.1932857,442.0345974,609.7517681,455.9745598,538.1161559,467.4408817,494.2003691,476.8410587,457.9206383,401.0705566,625.3749704,407.5702286,567.6496267,414.8033524,532.3764324,422.5502586,501.8053973,0,0,0,0,0,0,0,0,0,0,0,0,0,0,0,0,0,0,0,0,0,0,0,0,0,0,0,0,0,0,0,0,0,0,0,0,0,0,0,0,0,0,B
405.2638149,786.1013889,452.0910931,771.4513779,466.8942547,727.6958799,421.7121506,696.792841,378.2947254,682.0646811,469.799509,648.8842535,474.4398022,575.2303863,471.85853,530.2529597,467.3240089,492.660985,429.8676395,640.101006,435.546484,562.8334951,434.5373154,511.1282516,433.2360363,467.6926231,394.3697548,646.5947628,396.0216236,574.8915911,398.2554245,529.111948,400.3556728,490.260998,359.5700455,663.8461518,361.4189816,608.6747432,365.3129196,573.9999604,369.7981167,542.0596147,0,0,0,0,0,0,0,0,0,0,0,0,0,0,0,0,0,0,0,0,0,0,0,0,0,0,0,0,0,0,0,0,0,0,0,0,0,0,0,0,0,0,B
388.2325459,806.4414597,437.7075005,785.6790376,453.4728813,734.6467495,406.8880749,700.9091735,360.8630276,689.9947929,459.4748783,652.8213072,460.1755142,578.4268284,456.4112377,532.1477151,450.9918594,493.5544825,417.6901245,645.3941417,420.850668,567.2393775,418.325386,514.7365522,415.8560944,470.9152651,379.9401569,652.5332379,380.5086708,580.1289153,381.992712,532.6189899,383.336792,492.881012,342.0956898,671.244607,344.3426514,613.6696386,348.8144875,578.0296469,353.8383293,545.4458928,0,0,0,0,0,0,0,0,0,0,0,0,0,0,0,0,0,0,0,0,0,0,0,0,0,0,0,0,0,0,0,0,0,0,0,0,0,0,0,0,0,0,B
389.3534374,806.4015484,440.5486679,785.8418369,456.6012383,733.590517,409.2238998,699.5830894,362.340374,690.3713107,459.6884537,651.4269233,460.855093,576.8868327,456.9938278,530.8345056,451.3654232,492.8983283,418.0688667,644.1291475,421.4019299,564.9598002,419.018755,512.141161,416.6009331,468.2630646,380.8064461,651.962893,381.7148781,578.1789923,383.0988979,529.7604418,384.2545223,489.6843767,343.2104301,671.2895393,345.4694366,612.7966762,349.4320679,576.002605,353.8411331,542.2152042,0,0,0,0,0,0,0,0,0,0,0,0,0,0,0,0,0,0,0,0,0,0,0,0,0,0,0,0,0,0,0,0,0,0,0,0,0,0,0,0,0,0,B
404.089222,719.4283247,453.2771873,706.1445022,504.6562386,669.3192744,553.4283257,656.8134642,598.536644,652.6464057,480.0266075,568.7512422,490.9259605,503.539896,516.9597244,479.0687191,545.7602692,469.5635283,461.8850613,566.7912769,475.2362823,497.1807754,504.4812584,470.4307294,535.6380844,461.4737391,440.8848381,573.3049893,457.6216221,503.3291709,483.1134224,472.1005011,509.6549606,457.317946,416.9935226,589.5637465,429.3722534,535.116663,444.7417545,498.6879086,459.0008068,471.9830203,0,0,0,0,0,0,0,0,0,0,0,0,0,0,0,0,0,0,0,0,0,0,0,0,0,0,0,0,0,0,0,0,0,0,0,0,0,0,0,0,0,0,C
400.7451153,728.6923742,448.0507851,711.4125323,494.9192619,671.7724013,542.3431778,657.0235777,587.1292877,648.7520957,464.9684429,577.472434,472.6347828,512.5043535,498.2979012,485.646708,527.0668602,473.1977391,446.4767933,576.7329812,457.1655464,508.6745131,486.884079,480.1252091,518.4032249,468.8466382,425.1991367,584.7131109,439.4561005,516.3197744,465.307703,484.1283739,491.944828,467.7202392,401.2445641,602.4746561,411.5527725,549.5008779,427.2572994,513.9203024,442.2345257,487.3421323,0,0,0,0,0,0,0,0,0,0,0,0,0,0,0,0,0,0,0,0,0,0,0,0,0,0,0,0,0,0,0,0,0,0,0,0,0,0,0,0,0,0,C
400.4205322,732.0104814,449.2102146,715.7397509,496.6038322,674.4277883,544.017334,658.133111,589.4506645,649.6302724,467.7249241,580.9599066,476.1122704,515.7505882,502.9576492,489.2900276,533.1867027,478.2488644,449.9341679,580.5896974,462.1261597,511.6251469,493.8153076,483.1901693,527.5812149,473.9837658,429.4362259,589.0931153,444.8200321,519.8213768,472.1668911,487.9710889,501.0481453,473.0919099,406.518631,607.5246549,417.3198795,554.2692447,434.0756035,517.8148377,450.8102989,491.5095127,0,0,0,0,0,0,0,0,0,0,0,0,0,0,0,0,0,0,0,0,0,0,0,0,0,0,0,0,0,0,0,0,0,0,0,0,0,0,0,0,0,0,C
400.8046246,734.195559,451.1263561,716.7599988,499.3706131,674.1701674,545.8462143,656.6317391,590.904808,647.2867084,470.6310368,581.1681533,479.6622562,514.2000031,507.4308586,489.6515465,537.5960541,480.5660999,452.3607731,581.0475183,465.3815174,509.8814106,498.2045174,483.6470246,531.9273949,476.9248724,431.0358238,589.5128918,448.0147362,518.691566,476.4978218,488.3584857,505.546875,474.9090314,406.9972801,607.7013588,419.2510986,554.9176741,436.3248253,518.5194647,452.7921581,492.1158743,0,0,0,0,0,0,0,0,0,0,0,0,0,0,0,0,0,0,0,0,0,0,0,0,0,0,0,0,0,0,0,0,0,0,0,0,0,0,0,0,0,0,C
368.0953503,745.0571537,430.9329414,714.5771742,471.6032124,665.1725578,512.2011566,638.1486368,550.8701706,622.8048134,412.9598808,567.6653337,426.7279243,498.8676059,435.6543446,451.5428495,436.3663101,411.6814685,391.1055279,571.1410904,467.5151825,530.0497341,520.0083733,558.3837748,541.8647003,588.7183356,381.1343479,590.6551266,457.448616,556.6026378,508.9152718,585.0393534,530.7705116,613.7846088,381.9204712,619.6525311,442.131958,589.5209384,486.8403625,600.1789212,512.8058624,618.0531836,0,0,0,0,0,0,0,0,0,0,0,0,0,0,0,0,0,0,0,0,0,0,0,0,0,0,0,0,0,0,0,0,0,0,0,0,0,0,0,0,0,0,D
366.1172104,751.2486792,438.0377483,716.070435,481.5011787,668.0258918,522.6106453,644.8879766,561.2507057,629.7182178,419.853344,573.5161328,446.89888,506.8124914,462.0816135,460.408076,470.5745888,421.3051057,398.6271858,576.5322018,482.0520973,536.495887,536.6615295,564.5758152,561.4266014,595.7648635,387.784481,596.2614369,469.5891953,560.8990216,524.4021606,589.4246364,548.6441231,617.8247237,387.3991013,626.203258,451.5721893,592.8205061,498.3658218,599.4068956,525.4361343,612.5617146,0,0,0,0,0,0,0,0,0,0,0,0,0,0,0,0,0,0,0,0,0,0,0,0,0,0,0,0,0,0,0,0,0,0,0,0,0,0,0,0,0,0,D
374.80196,744.175179,445.1207829,710.0236201,487.8698158,662.2084379,529.2296791,639.0896416,569.305687,625.2894187,427.0824909,565.9549427,455.6854534,501.9728637,472.0102215,456.0742593,482.1823883,418.2641244,406.7021656,568.5740876,490.0995827,530.7943368,544.8215103,557.8984022,570.0391388,589.5417309,396.5600395,587.8429914,479.0814686,554.7215295,532.8503036,582.7384043,556.464386,611.4804411,395.691433,617.1414042,459.5573044,587.0187593,503.6684418,594.6874523,528.5723305,608.1472707,0,0,0,0,0,0,0,0,0,0,0,0,0,0,0,0,0,0,0,0,0,0,0,0,0,0,0,0,0,0,0,0,0,0,0,0,0,0,0,0,0,0,D
395.2603054,737.2790265,452.1258259,711.2732291,496.7098045,663.1113338,539.1662407,636.9084263,578.7635422,621.2280607,441.2822056,568.6819124,468.0325413,501.3082123,486.204586,455.2780938,496.4968872,417.5958681,419.7597027,570.576539,495.1672554,528.9881587,549.8548508,554.9120736,575.6897163,583.337009,407.6272202,587.5639987,482.4393654,553.787477,534.0768814,581.107707,557.7935028,608.5079527,404.555912,615.6099701,463.9571571,586.1065936,508.0602264,594.9752641,534.2720032,610.0727963,0,0,0,0,0,0,0,0,0,0,0,0,0,0,0,0,0,0,0,0,0,0,0,0,0,0,0,0,0,0,0,0,0,0,0,0,0,0,0,0,0,0,D
429.1400528,735.7726336,492.7786446,724.1202164,544.3670082,671.622026,536.4537621,624.9905992,493.5260582,613.0277109,503.7058067,578.6803937,507.3241997,504.8491788,513.5105324,510.7941556,509.6133614,547.5169659,465.2072525,572.4810791,463.9286613,490.2092421,469.7784805,498.5039628,469.5179558,537.5995302,428.7906647,575.7787156,423.3955479,500.3784084,430.3108406,507.7376604,433.4527874,544.8031282,388.2796669,587.3231149,379.7127342,529.6757269,388.8509274,527.5606871,397.5524712,550.9532619,0,0,0,0,0,0,0,0,0,0,0,0,0,0,0,0,0,0,0,0,0,0,0,0,0,0,0,0,0,0,0,0,0,0,0,0,0,0,0,0,0,0,E
411.8481445,742.3189831,475.7180214,730.5322194,525.8399963,676.5426993,515.5723,631.7657948,471.1881351,623.0494308,481.9492149,582.1905255,482.2393227,507.8165495,491.7535973,513.79426,492.1570587,549.9819374,441.6085052,578.1207991,436.1408615,494.8939884,446.5713501,505.0654078,451.0651016,545.7800531,404.4306564,583.4724498,396.4041138,505.0356674,407.3140526,513.5526037,413.7823963,552.9703903,364.7590542,596.6604209,355.0532055,538.4805393,365.486927,538.7243199,375.0191116,565.3887177,0,0,0,0,0,0,0,0,0,0,0,0,0,0,0,0,0,0,0,0,0,0,0,0,0,0,0,0,0,0,0,0,0,0,0,0,0,0,0,0,0,0,E
409.4280052,724.7604704,473.5942268,722.7795839,520.9029007,672.5849175,511.4962006,628.7878346,469.2086506,619.5186996,474.9834251,576.5765548,475.0916576,502.0893466,485.3850746,514.2594838,485.1192284,551.2352157,432.887907,573.5096312,429.8760509,491.7962945,441.8103504,510.0399292,445.3560734,551.4246655,394.4557285,579.3749785,389.5428944,497.8650606,402.8936005,515.3906786,409.0042591,556.3389659,354.1976452,592.7499533,345.5524921,533.4127092,359.0589523,538.6060667,369.5732117,566.6862202,0,0,0,0,0,0,0,0,0,0,0,0,0,0,0,0,0,0,0,0,0,0,0,0,0,0,0,0,0,0,0,0,0,0,0,0,0,0,0,0,0,0,E
404.7986126,735.8595371,468.4172058,724.8970699,517.8303337,670.6123996,504.8402596,624.6237373,459.7263908,613.6184621,473.8106918,578.9399457,472.6992416,503.641541,483.9058685,513.1161869,486.1572075,550.7234502,432.0279694,575.3973055,427.3622704,491.0913777,439.265728,506.546824,444.9385929,548.4703302,394.3749332,580.8164835,388.2336617,500.8478165,400.1525116,513.963722,406.8327713,554.7409058,354.7628689,593.4761453,346.6061497,534.6572006,357.2178268,536.7772293,366.2756538,564.212172,0,0,0,0,0,0,0,0,0,0,0,0,0,0,0,0,0,0,0,0,0,0,0,0,0,0,0,0,0,0,0,0,0,0,0,0,0,0,0,0,0,0,E
402.4893379,729.574542,452.8371048,708.2606363,501.3478088,669.936161,534.1558456,640.751946,531.2018967,609.9685121,458.6071301,568.1591392,494.6484375,517.8766358,518.2451248,540.5283093,529.4988441,572.9732108,423.031311,556.0042262,434.5995998,477.6884651,451.605835,430.9839749,463.4494114,393.5056829,387.3176193,564.192667,374.175396,491.3839209,372.6465225,441.8778849,375.1658249,399.8054516,354.5037174,590.9749961,325.1490784,539.2490244,307.3607826,501.7834783,296.1009121,466.8175042,0,0,0,0,0,0,0,0,0,0,0,0,0,0,0,0,0,0,0,0,0,0,0,0,0,0,0,0,0,0,0,0,0,0,0,0,0,0,0,0,0,0,F
411.7733002,735.6979609,462.1565723,714.9253035,511.7300606,674.543016,547.6573563,643.6400414,546.7715836,610.3821087,470.2040577,574.999094,505.0211906,524.8498106,528.9340782,548.2026672,541.428566,581.9907761,436.7245102,562.3994923,451.2168217,487.1740544,474.7562027,443.7163782,494.1313934,408.5464382,402.4105453,569.4286394,390.1646519,497.3465359,391.178112,447.7417517,396.2022972,406.4399278,370.9826088,595.4762793,343.3969402,544.0919995,327.2951317,504.6073616,317.3670387,467.8795624,0,0,0,0,0,0,0,0,0,0,0,0,0,0,0,0,0,0,0,0,0,0,0,0,0,0,0,0,0,0,0,0,0,0,0,0,0,0,0,0,0,0,F
416.8809128,733.7724352,464.8184109,712.6844144,513.5434914,670.6016493,549.196701,639.125948,547.858429,604.700675,471.8100071,572.3012209,506.6520882,522.5954676,530.7948875,545.587256,543.7207031,578.918767,438.8758278,560.5106592,451.1288452,484.7383404,471.4291191,439.9464047,487.7426147,404.2356348,405.5897713,568.448689,391.2691212,496.6946948,390.4828262,446.1321366,394.5598125,403.7176251,375.181303,594.8289442,346.6101837,544.1999531,329.6369934,504.7231042,319.5101738,467.2979844,0,0,0,0,0,0,0,0,0,0,0,0,0,0,0,0,0,0,0,0,0,0,0,0,0,0,0,0,0,0,0,0,0,0,0,0,0,0,0,0,0,0,F
425.74296,729.5799494,473.7623405,709.6695685,518.9809227,670.5194449,553.9412498,641.4033365,556.8896484,608.2974529,478.7600327,572.1208477,513.4984589,523.7399876,538.9405632,546.6145205,551.8702126,578.8163495,446.7073917,560.5243063,458.7550449,485.1383543,479.5242119,439.7865987,495.3520203,403.2174146,413.9563751,568.4704471,400.1475906,496.9400203,400.5762005,446.3756919,405.0120449,403.7256718,384.4888115,595.1535773,356.901083,544.7957897,341.4675522,505.498606,332.2539997,468.6180174,0,0,0,0,0,0,0,0,0,0,0,0,0,0,0,0,0,0,0,0,0,0,0,0,0,0,0,0,0,0,0,0,0,0,0,0,0,0,0,0,0,0,F
350.0981998,708.9447284,414.6914291,680.2599835,471.4793873,634.2265177,519.045639,608.9149189,563.0669403,598.2551336,434.3218517,541.9020295,497.8087807,537.3091435,539.0025902,540.4875612,575.5939293,540.6743073,404.6524143,533.9746535,476.3757706,575.3023553,454.0908337,616.5689993,426.20327,628.805666,376.9494438,543.837533,444.670887,594.1890121,421.2602234,630.758872,397.9719543,633.327806,351.2496471,564.8569322,408.5141945,602.8906345,396.8356705,630.0272083,376.6852856,631.2098694,0,0,0,0,0,0,0,0,0,0,0,0,0,0,0,0,0,0,0,0,0,0,0,0,0,0,0,0,0,0,0,0,0,0,0,0,0,0,0,0,0,0,G
330.9265137,710.7261229,399.6207905,684.7507095,455.6507778,639.9369192,501.6178894,615.2727842,547.8071022,604.0413022,410.8716488,538.2707798,493.3587456,546.2354922,539.7353554,552.5623298,579.3621826,553.5129261,383.0706024,534.4666886,473.1131744,583.1334615,448.2204437,623.4444237,420.2245903,630.7801795,360.040741,551.6626525,442.5335884,605.1093149,416.5513229,638.5060358,393.2619667,637.1733212,341.7559719,580.2165914,408.2182503,619.1318178,394.5374393,642.2103167,374.5591736,639.5231295,0,0,0,0,0,0,0,0,0,0,0,0,0,0,0,0,0,0,0,0,0,0,0,0,0,0,0,0,0,0,0,0,0,0,0,0,0,0,0,0,0,0,G
333.5991669,715.4450512,408.781786,684.5513463,463.7786865,636.7411852,507.1876144,610.6217694,550.3551865,596.0265398,417.5850391,536.9753373,499.784832,543.3482981,546.2864685,549.7402811,585.3380585,550.5223489,390.9309769,534.0873063,481.2322998,579.1915154,457.2112083,623.3257842,429.2902565,633.5976577,369.4710159,549.9770451,453.1213474,602.8495002,426.893692,640.7423544,402.5155735,640.9144235,352.5280952,576.7097425,419.7049427,615.8227229,404.9545097,642.5380397,383.3141899,640.8348584,0,0,0,0,0,0,0,0,0,0,0,0,0,0,0,0,0,0,0,0,0,0,0,0,0,0,0,0,0,0,0,0,0,0,0,0,0,0,0,0,0,0,G
336.6751099,717.1515155,416.6439056,683.1376505,473.139267,634.0975142,516.0385895,607.3475003,558.1736755,590.8679438,421.1188889,535.9295654,504.0573692,541.8572903,551.2164116,547.489543,589.9924278,547.3669124,394.8056602,535.0137627,486.9588089,579.1150403,463.9297199,621.9651318,434.7296333,633.4313178,375.1036835,552.4518013,459.6950912,602.8163481,433.9780426,639.7318268,408.2052326,640.9223413,360.1697445,580.0031948,426.8176174,615.1230526,413.0597019,640.8701992,391.5576553,640.1055765,0,0,0,0,0,0,0,0,0,0,0,0,0,0,0,0,0,0,0,0,0,0,0,0,0,0,0,0,0,0,0,0,0,0,0,0,0,0,0,0,0,0,G
300.0323582,681.9158506,313.410244,624.2661452,372.8261662,580.9451652,438.4725094,574.212842,481.1741638,574.2665291,362.2652149,554.5360708,448.6618423,538.7861824,497.0969009,536.2204671,534.1102982,533.6788273,374.4415283,594.5858717,473.4436226,572.7983093,529.8410797,562.1207571,572.8201675,555.7183456,386.2407589,636.4569783,479.128933,619.4936585,458.3434296,625.356431,428.6420631,632.3626614,398.8833046,677.1328068,466.0259056,656.9247651,447.0427895,660.8586645,419.4887066,668.7504101,0,0,0,0,0,0,0,0,0,0,0,0,0,0,0,0,0,0,0,0,0,0,0,0,0,0,0,0,0,0,0,0,0,0,0,0,0,0,0,0,0,0,H
290.934391,704.4563842,307.674551,644.3027616,366.9755459,611.3583899,427.7363205,620.3706121,465.1844215,633.2918215,369.8862934,590.1534033,457.0420074,589.4834089,508.7746811,592.9995275,550.5163193,598.3037353,376.6250038,631.8152976,475.993824,629.1925478,537.1916199,623.8224864,586.752491,622.7710176,381.9001579,674.4503832,478.976469,668.5220146,458.9349461,659.2197919,428.1190109,656.4811707,387.6488686,713.2864308,457.6584721,700.4734969,440.0435257,691.4470482,411.3949871,689.0720701,0,0,0,0,0,0,0,0,0,0,0,0,0,0,0,0,0,0,0,0,0,0,0,0,0,0,0,0,0,0,0,0,0,0,0,0,0,0,0,0,0,0,H
294.7719955,701.5895963,315.9312916,641.5898252,376.8412971,609.106493,440.311718,619.9949956,479.920578,634.8118615,382.5153065,580.5178571,471.8478298,577.2768044,521.5125847,578.7423205,561.7525864,580.1185513,388.6045647,619.595046,489.8674393,614.2058015,550.7156754,609.1629481,601.0313416,605.3925562,392.8764153,660.9736347,491.8967056,658.9114451,471.1765766,658.6910963,441.1449909,659.4413638,395.8101368,700.3550506,467.899704,691.3541579,450.2360916,687.4626803,422.9940033,686.6564727,0,0,0,0,0,0,0,0,0,0,0,0,0,0,0,0,0,0,0,0,0,0,0,0,0,0,0,0,0,0,0,0,0,0,0,0,0,0,0,0,0,0,H
304.4225121,694.3579316,326.3914776,638.9749932,388.6925125,606.3203645,451.6320705,614.5514202,488.7795639,626.0398149,398.0674553,576.0152864,490.9299088,572.7555013,542.5526047,574.126389,582.3896599,575.00669,404.2379951,614.4488096,508.3690453,608.5345387,570.6371498,604.4488478,620.5171967,600.7185602,408.2120991,655.6649208,506.3330841,655.2100611,483.584404,656.6369534,452.6982021,656.7803121,410.6494904,695.5203152,481.7746925,688.2972121,463.0927849,686.0279989,435.8382511,685.226748,0,0,0,0,0,0,0,0,0,0,0,0,0,0,0,0,0,0,0,0,0,0,0,0,0,0,0,0,0,0,0,0,0,0,0,0,0,0,0,0,0,0,H
508.7485886,709.1769218,561.5788078,671.1683893,597.7173615,612.5727868,620.6296921,557.2866011,612.6350212,512.8302741,577.7391243,564.7202682,590.2510071,515.9970081,587.9865074,545.4801393,581.6122055,584.179523,541.9206619,558.9466524,550.9186935,515.4933214,553.9730644,556.9249535,555.4812813,600.3485441,503.4077454,555.4253197,504.7071075,495.9479678,522.3549271,512.3591602,539.2499542,538.0596042,464.8654175,559.1878581,452.0768166,504.0437114,446.7958546,469.2120838,444.7117996,437.9668057,0,0,0,0,0,0,0,0,0,0,0,0,0,0,0,0,0,0,0,0,0,0,0,0,0,0,0,0,0,0,0,0,0,0,0,0,0,0,0,0,0,0,I
454.9420452,761.817441,505.8273125,728.1746221,541.8794632,660.5375719,561.3231468,598.8660979,546.2152863,560.1087141,528.3205605,617.1873021,541.8540001,571.8491936,526.1131668,599.2602539,508.5820198,632.2993827,489.5230865,609.0511322,495.5199051,559.7270465,492.3656845,598.5686302,492.1163177,641.4155674,448.7253284,604.3162394,446.1573315,540.6001496,459.2974091,557.4553871,473.5117149,584.2751813,409.4763279,606.6771197,397.3399544,551.3494778,387.5758553,514.4226694,381.6068172,481.0849786,0,0,0,0,0,0,0,0,0,0,0,0,0,0,0,0,0,0,0,0,0,0,0,0,0,0,0,0,0,0,0,0,0,0,0,0,0,0,0,0,0,0,I
457.5673485,758.2857442,508.724041,725.5194283,548.8410759,662.4663162,572.380085,604.2916489,558.4693909,564.299655,531.2221527,618.0269837,547.5226021,574.7850537,534.1468048,603.3834743,518.2046127,637.5681853,494.0888786,609.2830682,504.2280579,562.8453398,501.7518425,604.969368,500.2504921,648.6113763,454.9295998,602.5450802,456.1408424,540.0227237,471.6736507,561.6707253,486.5142059,592.6604104,416.0597992,602.8850985,407.4569893,547.1832561,403.0877781,510.3161216,402.866106,477.3969197,0,0,0,0,0,0,0,0,0,0,0,0,0,0,0,0,0,0,0,0,0,0,0,0,0,0,0,0,0,0,0,0,0,0,0,0,0,0,0,0,0,0,I
456.4015102,751.7221427,511.1401749,723.4486771,553.3720779,659.8962879,582.0856476,600.6918454,572.3632622,560.9450483,540.6141472,611.5385056,558.1312752,565.0186372,543.6861992,593.4279943,527.2064781,629.5644951,503.3127594,601.3884258,513.5539055,551.892786,509.7158432,591.9934416,508.4537315,636.4280105,463.8662624,594.0397954,465.8679485,530.1523769,478.6693954,548.8536716,492.3394775,578.0737424,424.6049309,593.9684701,418.442173,538.417325,414.512558,501.5541494,414.5311832,468.7593484,0,0,0,0,0,0,0,0,0,0,0,0,0,0,0,0,0,0,0,0,0,0,0,0,0,0,0,0,0,0,0,0,0,0,0,0,0,0,0,0,0,0,I
444.9286079,530.9317732,389.6187115,525.1333737,340.8504295,539.4713366,299.4639015,551.6533184,265.5432701,550.606935,395.2003384,535.7635152,380.0461864,570.6733561,377.5185013,594.1935182,379.3746185,609.8649359,431.4288139,565.3017497,421.8236732,603.5100317,415.8011913,635.897963,410.1673794,654.6149969,458.5599518,584.7060943,451.9409752,626.6977715,444.3326283,655.9187436,433.9718628,672.3639894,477.5121117,597.2314739,476.0851479,632.8570461,466.2447166,657.8403425,453.3284855,675.6720543,0,0,0,0,0,0,0,0,0,0,0,0,0,0,0,0,0,0,0,0,0,0,0,0,0,0,0,0,0,0,0,0,0,0,0,0,0,0,0,0,0,0,J
397.1143341,821.7242575,349.9855042,766.8013287,341.484375,701.979053,371.3570881,646.7528629,408.3547497,622.2514629,330.4940701,681.686554,396.5656185,619.012599,402.3347569,643.8086987,389.4711113,665.654068,375.2905941,687.5425029,431.6749477,624.676652,435.0783634,650.5957389,423.8914776,675.5184603,421.2320423,693.1873083,465.9204197,627.3891377,466.4874172,650.4024267,454.5451927,676.0337019,461.959362,698.7735343,498.3695412,640.6929803,519.3782616,608.8190031,533.5965729,580.7217908,0,0,0,0,0,0,0,0,0,0,0,0,0,0,0,0,0,0,0,0,0,0,0,0,0,0,0,0,0,0,0,0,0,0,0,0,0,0,0,0,0,0,J
421.9887257,816.8914533,403.688736,775.1542425,393.9295578,722.2309327,403.5863972,675.8651733,418.0306149,651.687119,354.1965294,726.1264014,407.0101833,668.5207915,421.7453384,689.1937995,418.8964748,704.6995854,376.5159702,731.4909267,438.0213547,668.2486224,448.6451912,688.6423802,442.3814964,708.2142878,408.9741325,730.6113338,466.7295742,667.2011447,474.8139095,687.774117,468.2452583,708.153584,444.0848637,727.0475149,494.7928047,672.7196503,516.4051437,646.9717956,528.8010979,623.0788493,0,0,0,0,0,0,0,0,0,0,0,0,0,0,0,0,0,0,0,0,0,0,0,0,0,0,0,0,0,0,0,0,0,0,0,0,0,0,0,0,0,0,J
425.3566647,832.1524286,386.4466095,787.2321653,383.2400894,724.0009332,416.5388775,671.1869287,452.3503876,651.0129404,348.1790257,716.275785,418.7145424,654.7459316,429.3493366,682.459867,419.4984627,706.3110352,384.8702717,724.4923568,451.2738705,661.3114643,457.7527142,687.0128417,448.5145283,709.3092728,427.172327,729.474957,483.3358955,663.2028723,487.1066093,687.0525599,477.0763493,708.4834957,468.6573315,732.1263528,509.7779846,674.8774338,530.8219528,644.9396682,545.9401703,615.8634067,0,0,0,0,0,0,0,0,0,0,0,0,0,0,0,0,0,0,0,0,0,0,0,0,0,0,0,0,0,0,0,0,0,0,0,0,0,0,0,0,0,0,J
453.6155319,756.8740439,495.7435226,699.66259,504.3442154,638.9940476,514.9452782,593.4337878,527.8634262,557.4089098,429.6886826,596.0831237,468.9470959,534.4407785,501.029892,510.7631278,527.3443222,496.0076416,431.6265106,601.5944839,499.5894241,549.8705721,548.1635284,540.5257988,585.6710815,537.3018372,445.6404877,616.1682773,519.0031815,575.0122261,563.3729553,573.7859845,595.2426338,579.3032026,468.0888176,635.3480244,523.2690239,602.8770518,558.1978226,597.123971,586.2841988,598.9833212,0,0,0,0,0,0,0,0,0,0,0,0,0,0,0,0,0,0,0,0,0,0,0,0,0,0,0,0,0,0,0,0,0,0,0,0,0,0,0,0,0,0,K
406.8189526,802.4588943,459.4165993,734.8657465,472.8164864,668.9624548,470.8693027,621.362536,467.80406,577.9267788,404.6417427,607.9577565,405.05476,535.2872515,401.0291576,486.2281573,395.2494907,443.8930178,384.1314983,617.13413,467.3238659,564.6600795,523.6962318,534.7276568,565.8629608,513.9848042,376.9813156,639.12009,476.0774517,621.8735933,499.3326759,668.0603313,507.7117538,706.7068005,383.6382866,669.3385863,462.8376675,657.7544689,493.3552551,683.9368415,511.1211205,710.320251,0,0,0,0,0,0,0,0,0,0,0,0,0,0,0,0,0,0,0,0,0,0,0,0,0,0,0,0,0,0,0,0,0,0,0,0,0,0,0,0,0,0,K
403.8444328,814.4143152,452.854557,744.3676543,463.1175613,682.5013876,459.1275787,639.3934822,451.390028,601.0310912,386.8757915,619.3764353,377.4532127,548.6951852,366.7874908,499.9295998,356.9618511,457.7365637,368.3353043,631.276238,448.8204575,579.3076444,503.0964088,547.4551034,546.1842155,524.478507,364.7861481,655.4779172,466.3005066,641.5737319,488.3231735,686.1094952,496.0935974,723.2256246,376.0382938,686.8250012,454.1641045,674.9380732,482.6271057,698.3598733,498.8858414,722.8235507,0,0,0,0,0,0,0,0,0,0,0,0,0,0,0,0,0,0,0,0,0,0,0,0,0,0,0,0,0,0,0,0,0,0,0,0,0,0,0,0,0,0,K
412.1826267,798.3123064,463.1555557,731.5413952,475.6709003,668.3042407,474.5249748,622.4044132,474.2001343,580.4408026,402.6319313,607.9677987,397.5204849,537.5596189,390.8919811,487.7145624,384.0513039,444.8003876,383.6134815,617.0868802,466.3538074,566.1564302,521.2106895,536.5501857,563.2430649,515.9781468,378.5038948,639.6936536,478.9934063,627.4291778,499.7776794,673.37883,505.7373047,711.0136127,387.3804474,669.9138236,465.9257412,661.8329501,493.8972473,688.3878493,508.797226,714.5775604,0,0,0,0,0,0,0,0,0,0,0,0,0,0,0,0,0,0,0,0,0,0,0,0,0,0,0,0,0,0,0,0,0,0,0,0,0,0,0,0,0,0,K
406.1686993,804.9924231,458.1836414,735.8160853,470.274868,672.2005463,467.8216267,628.1879425,460.9792328,588.3714938,399.0761375,607.5419712,397.8625202,536.370424,391.7210484,488.0371034,384.6962643,446.6291285,378.7261105,619.6834302,460.9673882,571.8841481,515.9435463,542.1671176,558.4367752,519.9783826,372.2608852,643.577342,474.0414047,631.2394166,495.3195763,677.2677326,501.7499542,714.7394586,380.0420952,674.9868035,460.1834679,664.2221546,487.2612762,690.1761961,501.8765259,715.8975291,0,0,0,0,0,0,0,0,0,0,0,0,0,0,0,0,0,0,0,0,0,0,0,0,0,0,0,0,0,0,0,0,0,0,0,0,0,0,0,0,0,0,K
428.6055565,692.322135,486.4996719,680.6450629,546.9586372,640.8556509,594.5294952,611.5424323,636.7089272,603.9450002,536.090126,560.6809258,560.7661057,497.872206,573.5119057,453.0680716,583.2429886,417.6496196,498.3163834,555.3660321,518.1234741,500.3340876,527.8065491,513.2798874,532.1875763,537.864393,455.7771206,559.1870856,471.0359287,530.8300316,467.5886536,577.5791001,461.4146519,618.9450717,411.431551,569.5398116,426.7179108,544.9755836,430.4959488,582.4867702,428.3825397,618.0811858,0,0,0,0,0,0,0,0,0,0,0,0,0,0,0,0,0,0,0,0,0,0,0,0,0,0,0,0,0,0,0,0,0,0,0,0,0,0,0,0,0,0,L
326.7992306,734.3197346,382.6271725,718.2192063,442.8495598,678.6919212,498.290062,661.9197893,545.1378822,667.0232177,416.1955261,577.1942139,422.5010777,498.2709646,418.2896233,445.5742157,410.2485466,402.9785264,370.9383488,574.0254521,361.1846352,550.7095456,357.7791595,611.2143874,359.4810677,648.6506438,326.5643978,580.9642196,314.1134834,585.9160495,321.9823551,644.0830564,333.3188725,674.4254708,284.7905159,595.0519323,278.4298611,604.464941,291.2093353,652.7384591,307.3968029,676.7936254,0,0,0,0,0,0,0,0,0,0,0,0,0,0,0,0,0,0,0,0,0,0,0,0,0,0,0,0,0,0,0,0,0,0,0,0,0,0,0,0,0,0,L
350.6287193,736.8172789,404.7537231,724.3420458,464.7143555,682.8061938,521.5125275,660.6303978,572.3445511,660.7065511,441.8326664,587.8449869,449.1385174,509.031558,447.1939373,456.0494757,440.7012177,412.8458476,397.7858162,583.1071973,392.2265911,560.1103878,386.6582394,622.3720336,386.0345078,659.8974466,353.4612465,588.917377,344.3659973,591.5190125,350.4115391,652.6330805,359.8432732,685.8246446,310.6680965,602.1363759,307.3704243,608.6258841,319.1826725,659.4667912,333.2977581,686.1855197,0,0,0,0,0,0,0,0,0,0,0,0,0,0,0,0,0,0,0,0,0,0,0,0,0,0,0,0,0,0,0,0,0,0,0,0,0,0,0,0,0,0,L
355.7936382,733.0864763,410.2280617,723.9523315,470.9550476,681.6306782,531.2928772,658.170898,583.566227,657.0697975,451.4339161,591.8342471,461.1796761,513.311044,462.2981644,459.5131302,459.1378784,416.0088801,408.4231281,585.9667754,410.4249001,554.0324163,401.5927792,615.515213,397.7152634,655.747447,364.1836166,590.1930571,361.2231159,585.5185461,362.8638268,647.276988,367.6294899,682.0375156,320.4110813,600.8775616,323.4475994,598.3554912,332.5834465,649.7852182,342.505846,678.4771085,0,0,0,0,0,0,0,0,0,0,0,0,0,0,0,0,0,0,0,0,0,0,0,0,0,0,0,0,0,0,0,0,0,0,0,0,0,0,0,0,0,0,L
420.2915955,736.0258126,466.424017,695.1004744,479.3395329,644.1360354,451.1826897,609.6257901,415.2951908,595.064292,486.8428802,599.0536165,500.0334549,556.6460896,490.5089378,587.5798345,481.0606384,620.0576305,448.8137913,594.9366403,457.4113083,550.402422,451.5086174,586.6746211,449.0249348,621.2311506,411.780653,598.7114096,417.214222,548.1919813,417.4779797,576.8874121,417.4600124,610.0670671,375.0094414,610.5949259,376.9494152,577.4584007,382.9607105,580.1028442,387.8983498,589.6486545,0,0,0,0,0,0,0,0,0,0,0,0,0,0,0,0,0,0,0,0,0,0,0,0,0,0,0,0,0,0,0,0,0,0,0,0,0,0,0,0,0,0,M
409.8279762,743.2484007,456.1191559,713.769486,476.5205097,664.2357373,469.9730587,633.4247518,451.0886765,621.7992425,460.9873581,590.612576,466.0388947,562.3657608,466.2582493,616.7279363,464.617424,662.3728466,419.6371078,592.3357773,422.185936,563.6514187,428.2611465,628.1122398,431.4572525,677.1030021,378.730545,603.9946961,376.3273716,568.3642316,392.893095,628.8470578,404.1954803,676.9961429,341.734314,622.8174305,340.1381207,597.0179486,356.0608864,622.0769477,367.2090054,644.2221665,0,0,0,0,0,0,0,0,0,0,0,0,0,0,0,0,0,0,0,0,0,0,0,0,0,0,0,0,0,0,0,0,0,0,0,0,0,0,0,0,0,0,M
407.175951,754.8348999,447.400074,721.6226077,460.6277275,668.7813091,440.8648109,632.8675389,408.9459801,613.6279893,454.4580746,595.9413743,460.7956982,572.2282219,462.6293278,626.0373688,460.8245659,674.2044139,416.1492634,597.5901604,419.2326736,573.6738467,425.3727722,639.4279861,427.0234108,690.4423785,378.7941742,607.8342891,375.7064152,576.5594316,392.4843407,635.4434896,403.0329895,684.462769,343.8789368,625.513308,339.2511749,594.1729188,352.1571064,613.1670785,360.8662605,631.9931602,0,0,0,0,0,0,0,0,0,0,0,0,0,0,0,0,0,0,0,0,0,0,0,0,0,0,0,0,0,0,0,0,0,0,0,0,0,0,0,0,0,0,M
422.3632622,737.4789691,381.0918617,712.1568775,352.6145554,661.6190386,344.5947647,628.2899737,345.5864525,610.8725023,386.0523605,593.2394457,389.7274017,569.1167521,398.9188385,627.3491621,401.8113613,676.6895342,422.7114201,589.4214177,423.4191513,564.0940475,428.7114716,628.5560274,427.9815388,680.2803898,455.2102947,593.2016587,449.9426937,569.4052076,452.7254105,630.8996558,451.2861156,680.2973843,482.8766441,603.5403514,486.3657761,579.1118217,484.8177338,619.0595269,482.2773743,653.4052348,0,0,0,0,0,0,0,0,0,0,0,0,0,0,0,0,0,0,0,0,0,0,0,0,0,0,0,0,0,0,0,0,0,0,0,0,0,0,0,0,0,0,M
428.8711739,757.005558,477.4679947,707.0092893,488.7989616,652.0477366,451.4887333,612.774725,409.8916626,595.642941,481.9722176,601.6166925,477.5281334,571.206429,461.9678307,614.5486522,459.5016575,651.0952091,435.0959301,602.1334791,431.3477898,563.9321494,423.5412025,618.4787536,430.0728321,668.2185602,392.1373272,608.801558,385.2337646,601.3253403,397.5599098,652.6038551,416.6180706,692.8416896,354.8035526,620.7557559,353.2800865,614.0751886,368.614254,645.0410557,384.9474335,669.6444869,0,0,0,0,0,0,0,0,0,0,0,0,0,0,0,0,0,0,0,0,0,0,0,0,0,0,0,0,0,0,0,0,0,0,0,0,0,0,0,0,0,0,N
430.1465034,765.0078321,474.6421623,710.117476,475.1938534,648.029058,426.0248566,611.6135001,384.4936752,596.5851688,475.8669662,606.1222243,475.657568,568.6100721,465.6287956,618.4016991,460.8005905,662.8224921,434.2622566,610.3604794,434.6748447,568.1401491,431.9914055,622.7982473,436.5549088,674.55441,393.7838745,617.5104547,387.3773861,598.9778495,400.9630394,645.9164643,415.6228638,685.9027934,355.3136444,629.4102573,354.9034882,621.6351557,373.791132,654.7208261,390.2114296,680.1193929,0,0,0,0,0,0,0,0,0,0,0,0,0,0,0,0,0,0,0,0,0,0,0,0,0,0,0,0,0,0,0,0,0,0,0,0,0,0,0,0,0,0,N
431.5320683,757.7821541,480.0889778,708.5156178,485.4663849,645.2394533,432.9636669,608.3226228,385.7678318,594.9492574,477.6350784,602.5119281,476.2144089,565.0847483,466.8548012,613.2662773,464.6076679,655.519824,434.1423512,604.9801183,432.6728439,562.8902721,431.0813713,612.8244853,438.6577892,661.9849992,393.1399727,611.8969989,384.7659588,604.4572163,402.363739,653.0195761,421.7780685,690.809176,355.9521389,623.6219645,357.1559715,625.3237295,376.9434357,659.7387671,395.1009464,682.6571059,0,0,0,0,0,0,0,0,0,0,0,0,0,0,0,0,0,0,0,0,0,0,0,0,0,0,0,0,0,0,0,0,0,0,0,0,0,0,0,0,0,0,N
442.8908157,751.6662669,493.0423737,703.4586668,501.5167236,642.3265743,448.2123756,609.4927311,396.4212799,599.3519855,483.8771439,592.3932624,488.0201912,565.6626248,482.852726,614.3927407,480.4520988,656.1287928,438.0568314,594.3402243,444.4171429,561.4008093,447.7918625,612.0359159,454.8159599,660.2751875,396.140213,603.8141942,399.510498,605.3762698,419.1454983,654.6755719,436.2608242,692.0419192,359.0796375,620.6973696,374.1065311,632.8222203,398.0313778,667.8373432,415.930109,690.3503251,0,0,0,0,0,0,0,0,0,0,0,0,0,0,0,0,0,0,0,0,0,0,0,0,0,0,0,0,0,0,0,0,0,0,0,0,0,0,0,0,0,0,N
433.0791378,727.2210002,482.1525192,702.7306724,522.1072197,654.5629191,552.1523666,623.3762527,569.2025757,592.9016805,483.859005,573.2005763,500.3624153,515.3684378,537.8188133,512.1818125,563.7408257,528.5201669,469.4496346,568.4857035,489.1194534,498.7512839,533.0525208,495.6053424,559.6016693,516.8513668,454.4449139,570.385673,478.6267948,502.2318685,524.6511269,500.1540685,553.4589386,517.0900941,442.7122593,583.6189628,478.7113094,544.7686243,517.6304054,538.4127867,546.2097359,545.416925,0,0,0,0,0,0,0,0,0,0,0,0,0,0,0,0,0,0,0,0,0,0,0,0,0,0,0,0,0,0,0,0,0,0,0,0,0,0,0,0,0,0,O
397.8765106,723.9992595,464.0071392,684.8269272,503.6587715,640.0370836,538.2242203,617.2359037,560.5340767,599.1136765,422.052927,551.9374609,478.1652546,510.9909439,526.7459106,518.1101167,557.19944,539.6898508,408.1706429,553.1921554,482.6360893,501.3694954,535.2445793,520.7558155,561.6020393,553.4358716,405.8572769,563.3059287,476.9150162,519.8929596,530.8005524,538.6441112,557.3690987,567.6620507,414.3174362,583.5599971,474.8184299,551.7866993,517.8531647,558.9120841,545.3699112,575.024972,0,0,0,0,0,0,0,0,0,0,0,0,0,0,0,0,0,0,0,0,0,0,0,0,0,0,0,0,0,0,0,0,0,0,0,0,0,0,0,0,0,0,O
414.098711,712.3456192,478.5555553,679.5451212,521.5362167,637.7152133,558.5556793,615.1873612,576.3554764,593.9262414,443.20261,546.8042922,499.9733734,507.9042578,549.3154907,517.3370612,579.2126656,542.13094,429.7639561,547.7652526,505.7969284,496.6488934,557.7820587,519.0140748,581.6750908,553.3351278,426.5232468,557.1236086,498.4848976,515.9095252,550.8080292,537.127676,574.8425674,567.739749,433.9090919,577.7110004,494.3224525,549.2332792,536.9978142,557.1711802,563.3374214,574.090147,0,0,0,0,0,0,0,0,0,0,0,0,0,0,0,0,0,0,0,0,0,0,0,0,0,0,0,0,0,0,0,0,0,0,0,0,0,0,0,0,0,0,O
419.9891567,705.7383728,489.1345596,672.7538323,531.4560127,632.0482635,567.1337128,612.3510861,592.6616478,595.4079795,456.9271374,541.3777757,514.5687675,506.307807,562.3746872,513.940419,592.5596237,536.2272906,443.6525345,540.6988978,521.8018341,493.6797845,573.1248665,515.2692068,597.1966553,548.8516116,440.4760265,549.5363474,515.2689743,509.3049502,566.5505219,532.2264433,589.7431183,563.0794644,447.332468,569.447372,509.2362213,542.2390223,551.1491776,552.8411293,576.7084694,571.4867735,0,0,0,0,0,0,0,0,0,0,0,0,0,0,0,0,0,0,0,0,0,0,0,0,0,0,0,0,0,0,0,0,0,0,0,0,0,0,0,0,0,0,O
325.9586906,497.1726966,389.1615486,482.5770164,456.6226673,480.1083434,504.8366547,491.1998141,543.5109329,502.8859305,476.3988304,435.316633,525.9148979,432.1549201,560.7484245,426.3891256,591.6698456,421.9845307,454.7602844,447.8549838,522.2685814,514.5013332,554.7275734,564.8090386,579.2685699,602.4500656,426.4402199,472.0253456,471.4740658,553.9625716,446.2189865,563.9875102,426.4087772,555.7299972,395.791626,502.0912778,431.9607925,563.2224369,414.0872955,571.613009,398.0833626,564.7296023,0,0,0,0,0,0,0,0,0,0,0,0,0,0,0,0,0,0,0,0,0,0,0,0,0,0,0,0,0,0,0,0,0,0,0,0,0,0,0,0,0,0,P
335.2502346,480.9009361,413.0633354,474.9009526,484.2355728,509.0294015,522.6452637,551.3489628,543.4788322,591.4525151,530.0137711,503.0053747,590.725708,560.4347634,622.6115227,591.6781425,648.1954765,616.3608813,505.4767799,525.6715,530.1779938,616.0160351,529.3240929,661.4319706,528.9064407,690.634532,471.6361141,548.0660033,477.6230049,615.8064365,457.8138542,600.0598955,446.4959335,577.4322653,435.8638573,567.3408937,439.3087006,615.1984978,421.643858,600.7474637,412.8532791,580.9644127,0,0,0,0,0,0,0,0,0,0,0,0,0,0,0,0,0,0,0,0,0,0,0,0,0,0,0,0,0,0,0,0,0,0,0,0,0,0,0,0,0,0,P
338.6548805,474.8642921,412.4779129,458.5890555,486.0442543,483.2784569,526.6005135,520.2549934,549.0383148,557.0802212,529.6286774,464.4597459,601.1660957,505.067693,639.7841835,527.7911103,670.3881454,547.3119378,506.7257881,485.8730757,542.2377205,575.2007103,547.1129036,628.5717344,549.0434074,666.0929632,475.3609657,508.1750429,483.2551575,586.40728,458.3567047,573.9501357,444.7495079,551.2598062,442.9166222,528.879658,446.4167404,585.9676766,424.9167824,572.3701644,413.8661385,548.473742,0,0,0,0,0,0,0,0,0,0,0,0,0,0,0,0,0,0,0,0,0,0,0,0,0,0,0,0,0,0,0,0,0,0,0,0,0,0,0,0,0,0,P
353.445797,474.6398234,430.3398514,457.9359591,506.4149666,481.5843844,546.1097145,520.9360921,567.78368,560.6190634,553.0937576,465.7248366,624.4029808,507.4108708,663.4549713,531.7875803,694.6174622,552.3171973,530.9358215,485.1398671,563.4824181,574.2059541,569.6632004,627.4219036,572.9903412,663.9600277,501.0064316,505.6606007,509.8645592,583.2531953,482.5868797,571.9453669,467.4195957,551.878624,470.6109238,526.4281404,477.5703907,584.7975039,454.0292358,572.6585555,440.8799744,551.8559647,0,0,0,0,0,0,0,0,0,0,0,0,0,0,0,0,0,0,0,0,0,0,0,0,0,0,0,0,0,0,0,0,0,0,0,0,0,0,0,0,0,0,P
357.0804977,427.7684784,445.3893185,437.929244,527.57761,471.6693628,574.1493988,526.8942332,604.2463875,571.583848,573.4809494,415.4228926,610.97929,507.8898382,620.5059814,551.5151739,631.9061852,581.4571238,541.8303108,421.9958925,566.6047668,531.5520716,548.829689,539.5895898,547.8216934,523.6176467,503.4292603,434.7521782,521.9464874,528.2318401,493.3683014,516.6582477,485.5962753,486.5320623,463.9547825,449.5713937,483.724308,520.8884239,463.3359718,515.9727395,453.6580753,490.8878303,0,0,0,0,0,0,0,0,0,0,0,0,0,0,0,0,0,0,0,0,0,0,0,0,0,0,0,0,0,0,0,0,0,0,0,0,0,0,0,0,0,0,Q
450.43396,426.2401342,520.1945114,443.659569,581.5048599,500.4686594,604.4269753,570.1236105,607.2584152,623.2112646,640.4258537,466.9580948,656.5950966,559.6196079,657.9826355,608.8782907,662.2536278,644.9894929,611.2939453,474.4917655,592.4503326,574.9035645,566.1253738,557.7688193,565.338707,524.6719801,570.3443527,485.2261913,552.8550911,572.10778,529.8611641,552.9768276,533.1582069,522.8149152,529.6861267,495.2721477,520.5274773,562.9492378,502.9454613,549.0454388,504.1679192,522.6541436,0,0,0,0,0,0,0,0,0,0,0,0,0,0,0,0,0,0,0,0,0,0,0,0,0,0,0,0,0,0,0,0,0,0,0,0,0,0,0,0,0,0,Q
400.5657864,475.3172529,473.8705444,490.4225099,541.9493294,547.1680641,571.7368698,618.2490706,578.1733131,671.1822939,596.5567589,510.627687,622.9428291,609.9845409,625.3239441,659.9249339,632.3229218,696.6393757,565.864048,521.44171,551.3350296,622.1270299,521.4556503,606.075232,517.3238754,574.8635244,527.3367119,535.7725596,513.3069992,620.7268524,487.1994209,601.9844556,487.7719688,571.0519338,490.5719948,549.7595286,484.132576,614.4579506,462.7326393,601.2030959,460.5947685,574.2428398,0,0,0,0,0,0,0,0,0,0,0,0,0,0,0,0,0,0,0,0,0,0,0,0,0,0,0,0,0,0,0,0,0,0,0,0,0,0,0,0,0,0,Q
403.5243988,492.7978742,475.6487274,506.8610287,539.6323586,560.4225969,570.6210709,628.1230545,576.941185,679.6706486,596.8183708,526.6244137,620.4460144,621.6084409,623.3053207,669.0014648,628.401432,702.8030276,566.6710854,536.1465347,559.6258736,639.9988461,528.5941887,628.3031702,521.9959831,600.1229167,527.5637627,550.3357315,511.396637,636.897161,486.0520935,620.0079989,486.4632797,591.3774562,488.9631844,562.8247404,477.3142433,627.6504922,457.8256416,613.7601471,457.6635933,587.3635411,0,0,0,0,0,0,0,0,0,0,0,0,0,0,0,0,0,0,0,0,0,0,0,0,0,0,0,0,0,0,0,0,0,0,0,0,0,0,0,0,0,0,Q
481.8646431,800.0042868,526.0033607,772.4807668,551.3302231,723.5588837,544.6620369,684.3408465,523.3222961,653.1288815,533.1406403,619.1054893,522.4808693,552.4300432,511.0070801,509.6936345,494.6361923,472.2143769,497.402401,618.1564379,501.8032837,536.8145013,503.8986969,486.6166162,501.7932129,445.2449155,461.9320965,636.6092205,450.5703163,562.8751445,463.4461498,588.0747342,474.8373127,620.6617713,427.4281883,670.881865,426.1334038,624.8178864,446.1299229,643.0120826,463.193264,670.5756426,0,0,0,0,0,0,0,0,0,0,0,0,0,0,0,0,0,0,0,0,0,0,0,0,0,0,0,0,0,0,0,0,0,0,0,0,0,0,0,0,0,0,R
449.4041348,814.8758698,497.7425766,786.8133545,523.5187912,732.4499559,501.3916397,694.0954828,464.5077038,669.2207193,498.4020996,628.4427309,484.2357445,559.0929723,470.3120327,512.9225528,452.6695919,471.3785255,459.2268562,628.1273675,459.6333218,548.1924319,463.3520222,495.9255338,463.427639,450.2623415,421.5783978,649.152689,409.3714142,580.1979876,431.2605858,623.7754297,448.466835,664.4052315,386.939621,687.8169894,389.9562263,645.9165931,414.2425346,675.1454186,431.3973999,706.3333726,0,0,0,0,0,0,0,0,0,0,0,0,0,0,0,0,0,0,0,0,0,0,0,0,0,0,0,0,0,0,0,0,0,0,0,0,0,0,0,0,0,0,R
451.246376,827.382195,499.4847679,793.957665,523.660183,738.7470531,502.7311707,702.3444343,464.4332314,680.2319169,491.2301445,636.7221308,476.051445,571.5944695,460.9995461,529.1859126,442.4680138,490.7212973,452.1298599,637.8912735,449.6668339,558.1441784,449.4069672,504.1675651,446.6178417,457.810657,414.977932,660.4215074,400.0961208,593.1739783,423.0133152,634.1084576,442.387104,673.0064964,381.6546822,700.2499938,382.5436592,660.364666,408.9507866,689.1148782,429.4215775,719.9175596,0,0,0,0,0,0,0,0,0,0,0,0,0,0,0,0,0,0,0,0,0,0,0,0,0,0,0,0,0,0,0,0,0,0,0,0,0,0,0,0,0,0,R
453.9036655,821.1492133,501.6683006,789.3593073,528.1282425,732.92696,508.2089424,693.257668,466.8405533,672.5785446,489.7394943,631.4129019,474.5068073,564.6540928,459.1048336,522.578119,440.268774,484.7947955,451.4531136,633.1864429,449.2267227,552.687664,446.0760784,500.0638497,440.7537746,455.0457716,415.8034801,656.4923072,400.0277996,589.3933511,421.9828033,625.5948043,440.6012535,660.3980112,383.4981823,697.6361918,384.6594143,659.1275454,409.8853111,689.882462,429.2059708,721.9417691,0,0,0,0,0,0,0,0,0,0,0,0,0,0,0,0,0,0,0,0,0,0,0,0,0,0,0,0,0,0,0,0,0,0,0,0,0,0,0,0,0,0,R
471.1175251,798.4602356,520.3604507,766.1829615,546.9383812,706.1226797,538.8077545,653.0910301,516.9547462,616.8102694,535.33144,637.6848292,545.9830856,571.4008999,563.7486076,580.6774378,565.6693268,614.1815329,503.0153275,634.2986798,508.8316154,558.5388494,525.4521561,589.7636247,524.6948433,629.347558,470.9130192,640.6625319,475.9862423,575.0265813,494.812088,608.2119656,494.7855377,646.6475487,435.7225513,654.6793699,445.1648998,605.6881571,465.0724983,625.0277424,468.4482765,655.8550787,0,0,0,0,0,0,0,0,0,0,0,0,0,0,0,0,0,0,0,0,0,0,0,0,0,0,0,0,0,0,0,0,0,0,0,0,0,0,0,0,0,0,S
414.558506,774.320097,470.1306438,735.004921,498.343792,668.2824826,471.2578297,612.5505781,431.2399864,581.2845397,499.2289352,635.8426666,521.0241508,581.8969202,516.2901306,618.1617165,506.877079,641.5421891,459.6936607,630.4701591,475.3279781,576.6945505,472.7224445,627.3178124,464.3196774,640.9299374,420.599041,635.9588599,434.1027832,605.3037858,439.0106392,658.7194204,429.3092537,668.3359766,379.0520096,646.4790201,403.0294704,629.6274519,412.0418358,666.2987638,401.132555,674.8233604,0,0,0,0,0,0,0,0,0,0,0,0,0,0,0,0,0,0,0,0,0,0,0,0,0,0,0,0,0,0,0,0,0,0,0,0,0,0,0,0,0,0,S
417.3831081,775.0990105,474.0183735,737.6587629,503.610363,671.1569953,478.8485241,615.6417704,439.0068913,585.6884265,501.7194557,636.318512,524.907074,581.0126281,521.4153099,615.4299831,510.6319427,641.3506794,462.0543766,630.7463193,476.3360882,576.0003519,476.2415028,624.647491,468.6100674,641.299696,422.9582405,636.0032773,437.8189659,604.5647836,444.3113136,657.9820275,434.5330524,671.1261606,381.2656975,646.3755083,406.0239029,626.849885,416.176672,664.4258308,405.9200191,675.7612109,0,0,0,0,0,0,0,0,0,0,0,0,0,0,0,0,0,0,0,0,0,0,0,0,0,0,0,0,0,0,0,0,0,0,0,0,0,0,0,0,0,0,S
417.1198082,778.521595,472.1383667,741.6139698,503.8110352,675.0616693,479.5876694,617.4868941,438.0660152,586.9342375,503.421936,638.3772898,525.0609398,582.1568584,518.8904572,620.0625229,507.951622,644.7480297,463.2243919,632.8106976,478.1093788,578.0775404,475.1238441,629.6412277,465.4934978,642.9434609,423.8988876,637.47787,437.9084301,605.9564638,442.4291325,661.7146969,431.490097,672.2734809,382.5159645,647.2724819,407.604847,628.4384823,415.998373,667.3303413,404.0946007,677.4192023,0,0,0,0,0,0,0,0,0,0,0,0,0,0,0,0,0,0,0,0,0,0,0,0,0,0,0,0,0,0,0,0,0,0,0,0,0,0,0,0,0,0,S
467.3680687,734.2048287,520.9544563,692.6309967,560.5172539,630.1150775,577.9844856,580.2778101,568.7617493,538.8984489,537.087822,559.0193939,547.0088768,495.1239288,553.4841156,462.3596728,557.3426056,434.9321651,500.9260368,565.0433564,517.5908661,518.7209845,525.6412697,561.0167599,523.8797951,587.3016143,462.539463,581.7431974,478.1305218,550.1343083,489.4297028,594.7465467,488.1462479,617.2377062,420.2237606,605.1745248,436.0572624,581.0011697,451.2119865,613.9512062,452.3661232,633.3157682,0,0,0,0,0,0,0,0,0,0,0,0,0,0,0,0,0,0,0,0,0,0,0,0,0,0,0,0,0,0,0,0,0,0,0,0,0,0,0,0,0,0,T
373.7182331,793.2531023,417.612505,765.9095049,445.6105328,692.9367685,445.3371048,624.1033459,443.621664,572.0052338,436.4429855,617.3797131,436.4988613,545.6840086,438.924551,526.1290956,448.0721569,536.4379191,390.8240032,626.1858773,390.3366852,588.7427974,400.1780033,652.8551674,404.820385,664.782908,350.6932068,642.6956892,351.2745953,628.3806109,365.9704399,686.6682529,369.4993401,689.3341327,311.0258389,664.5394492,315.3900146,657.9821563,331.6709805,700.9025431,335.0394344,705.4006076,0,0,0,0,0,0,0,0,0,0,0,0,0,0,0,0,0,0,0,0,0,0,0,0,0,0,0,0,0,0,0,0,0,0,0,0,0,0,0,0,0,0,T
372.4065399,792.3438978,414.5344734,763.8320589,439.7517014,688.8020253,440.236187,618.4182429,431.9427681,565.8991957,428.995657,616.7672038,427.5903511,544.4581532,430.1348591,527.24365,436.1290169,541.3882685,383.7428284,627.0899963,383.162241,591.3611054,396.1789227,655.6878376,398.6660385,668.1570196,344.1516781,645.2769184,345.6446457,630.7420063,363.2136154,688.3653831,364.6612644,692.8828239,305.1113605,668.4466982,311.7634392,659.4604826,329.8232746,702.1575594,330.9043694,708.6596203,0,0,0,0,0,0,0,0,0,0,0,0,0,0,0,0,0,0,0,0,0,0,0,0,0,0,0,0,0,0,0,0,0,0,0,0,0,0,0,0,0,0,T
378.7871933,804.2800713,421.8520832,772.1553612,446.2325478,695.3283548,444.1426277,626.22154,431.6770935,573.8004684,429.2325783,624.5139813,426.9199848,554.8088837,431.0462952,536.5346718,437.5563812,551.309824,383.3876324,635.6637096,387.0662785,600.03582,400.6674957,666.3729858,399.3166351,679.4291854,343.8751602,655.6743836,350.9048653,642.836988,369.0197754,700.3891683,366.7730999,703.4374237,304.7210884,681.2103868,317.4858284,675.1028037,337.2827911,716.9836307,335.3831291,722.0017004,0,0,0,0,0,0,0,0,0,0,0,0,0,0,0,0,0,0,0,0,0,0,0,0,0,0,0,0,0,0,0,0,0,0,0,0,0,0,0,0,0,0,T
357.3510361,871.3644791,401.5847397,839.0100217,417.8445339,774.8544574,401.3852119,716.2645197,367.6255417,676.3803506,419.9041843,677.6860285,423.7001038,596.0501003,420.3537941,543.341217,411.7195415,499.1686463,378.5656071,674.8650098,391.1968231,588.0894756,396.7033195,534.0922952,396.9878483,490.6463349,336.7633152,695.4516935,322.9138756,625.2675962,342.6040077,654.7866797,360.2075672,688.200202,297.903986,732.7980208,295.9275627,696.0067821,318.1145668,720.1771116,336.8631935,748.7972903,0,0,0,0,0,0,0,0,0,0,0,0,0,0,0,0,0,0,0,0,0,0,0,0,0,0,0,0,0,0,0,0,0,0,0,0,0,0,0,0,0,0,U
413.2806015,853.482492,462.0168972,823.0848455,486.2255859,757.5336099,478.5324669,694.4530749,442.8974247,655.0907779,488.3161354,675.389843,499.9396706,592.6927257,501.2372017,540.4573059,499.5903397,495.8695936,448.0061817,669.4850349,460.2379704,579.3786478,467.672224,521.144532,471.7921829,472.6215363,405.3049564,684.383719,404.1347694,607.451849,427.8653526,641.1880732,444.9369907,678.7462521,363.8553429,714.0937972,373.883543,671.7921638,398.9908504,698.2573915,414.6901989,730.87713,0,0,0,0,0,0,0,0,0,0,0,0,0,0,0,0,0,0,0,0,0,0,0,0,0,0,0,0,0,0,0,0,0,0,0,0,0,0,0,0,0,0,U
373.1564426,862.9791212,420.8117867,835.1048326,432.1338844,775.1655722,404.5890427,729.1665459,361.0686493,699.4215131,430.8251095,669.0966725,432.5508499,582.4352074,429.9893188,525.3808558,421.8894768,478.9916325,385.2840042,668.6842346,393.7116051,575.7229686,390.4316425,510.9348106,384.0916729,455.6679046,341.7198372,691.7791486,326.9360733,624.1818166,342.4326611,662.1362114,356.7386055,696.4459348,303.0418396,731.9524813,303.2785606,702.9246926,329.8853302,735.8294106,350.8565712,766.3373923,0,0,0,0,0,0,0,0,0,0,0,0,0,0,0,0,0,0,0,0,0,0,0,0,0,0,0,0,0,0,0,0,0,0,0,0,0,0,0,0,0,0,U
384.8495007,860.2571726,431.781292,834.3828249,442.9440022,774.4518685,414.1973591,726.0514069,369.3579483,696.676712,439.2723656,666.9065738,439.331131,581.9240212,435.114069,526.4422703,427.0275879,480.2595234,393.6880302,667.320106,396.9647312,577.2016811,393.1247234,514.6244788,387.5129986,459.8189664,351.0916901,691.7463183,334.6794891,624.5421767,352.7430153,664.8829436,369.271059,701.6487551,314.4792366,734.0326309,312.6268673,702.1981788,339.9834824,732.96803,362.003603,763.0369878,0,0,0,0,0,0,0,0,0,0,0,0,0,0,0,0,0,0,0,0,0,0,0,0,0,0,0,0,0,0,0,0,0,0,0,0,0,0,0,0,0,0,U
388.2898808,867.1775293,435.7428074,840.4555178,446.8934155,781.1294746,417.8815842,733.5856247,372.4903107,704.0360928,440.9193134,672.2530746,439.0795898,588.0184078,433.4336758,531.6403592,424.0606213,485.3559351,395.4109669,672.9921412,398.0484581,581.8334484,393.8319969,517.1298122,387.763052,460.8590412,352.6126957,698.125813,333.6209965,630.1519632,350.9936428,667.8575563,367.0869255,703.1393766,315.0500679,740.8433604,312.7496338,708.4111404,340.2092171,739.0825009,362.1591282,769.5187068,0,0,0,0,0,0,0,0,0,0,0,0,0,0,0,0,0,0,0,0,0,0,0,0,0,0,0,0,0,0,0,0,0,0,0,0,0,0,0,0,0,0,U
388.4440327,900.0994349,434.9757385,856.8233871,445.0239086,797.9128075,417.6030064,749.490459,378.0006409,716.7377257,444.893589,680.958302,459.0648365,596.3950753,464.7411919,542.6912427,464.5495319,497.8437209,397.9245186,679.8418808,404.4357777,582.5130987,397.5179958,525.520159,387.5582314,479.4845366,353.0007935,706.9677687,335.7291985,641.4615297,354.292202,685.2706504,371.6590118,724.6530962,313.9904881,752.0328712,311.5742683,718.293879,338.2659531,751.0495734,360.4085827,783.0044675,0,0,0,0,0,0,0,0,0,0,0,0,0,0,0,0,0,0,0,0,0,0,0,0,0,0,0,0,0,0,0,0,0,0,0,0,0,0,0,0,0,0,V
398.7367344,876.7455482,443.0080605,841.3694859,449.8761749,788.8954353,418.5782433,756.1455345,376.9146538,730.8174562,446.1199665,665.472858,470.8220673,583.7385035,483.092308,531.053406,488.5382652,485.4015112,390.5266857,666.2921977,349.6218395,574.0179849,313.0364227,518.1905508,282.177,470.8158731,347.3705006,697.0782709,325.1615238,647.2361112,350.4844666,691.9496727,370.0593567,729.3990612,318.3493996,742.4635649,316.7816734,722.0555162,345.4368496,756.3473439,370.3626823,785.0788236,0,0,0,0,0,0,0,0,0,0,0,0,0,0,0,0,0,0,0,0,0,0,0,0,0,0,0,0,0,0,0,0,0,0,0,0,0,0,0,0,0,0,V
402.2571659,870.4718184,447.3872852,837.5920773,454.7757339,783.5956049,423.8667583,750.1944423,384.4372559,722.7878237,452.4882317,659.7428226,475.6753349,578.0890632,487.9657745,526.0899246,492.4700546,480.8430004,396.508255,659.9372935,358.3981133,567.9124618,325.281744,511.9688666,296.2150955,464.6412778,352.256813,689.3000793,332.3717594,641.3733387,358.858223,687.0519161,377.9865646,723.7463379,321.6507053,733.3434534,324.6040821,718.3304429,354.5324421,755.6295204,378.8289928,784.4206738,0,0,0,0,0,0,0,0,0,0,0,0,0,0,0,0,0,0,0,0,0,0,0,0,0,0,0,0,0,0,0,0,0,0,0,0,0,0,0,0,0,0,V
404.1726208,873.4290504,448.1371307,837.0181918,457.6557255,782.6265335,424.6538258,752.0729113,383.9752007,726.6871548,452.0270061,658.9402199,473.4852219,576.5499043,485.3481674,523.6909676,489.5796776,477.1309304,396.6920471,660.691359,357.1370316,570.2007937,324.0455532,514.8399675,294.5834541,466.8674898,352.9473209,690.6300259,333.5706139,646.0356188,363.243742,695.0131845,384.4168854,733.4734869,322.2885418,734.0178251,326.7653561,721.7648077,358.3330536,760.6067133,383.7601376,789.6664953,0,0,0,0,0,0,0,0,0,0,0,0,0,0,0,0,0,0,0,0,0,0,0,0,0,0,0,0,0,0,0,0,0,0,0,0,0,0,0,0,0,0,V
418.762064,872.2748423,460.8803844,839.968729,479.6076965,780.3819752,447.3889732,730.1171422,401.8035507,702.5450206,471.920414,670.4409742,499.7108459,587.3360538,514.738884,538.0994511,524.272213,493.2180047,421.3925171,663.3351588,407.030983,568.7786007,390.1024818,511.2167001,377.1423912,462.4923778,380.8552837,684.590292,351.38134,597.4323821,330.2133179,538.4430099,313.5658836,485.8885574,346.382761,728.9489007,345.9889984,676.437192,368.6098766,704.945941,390.6479645,740.91887,0,0,0,0,0,0,0,0,0,0,0,0,0,0,0,0,0,0,0,0,0,0,0,0,0,0,0,0,0,0,0,0,0,0,0,0,0,0,0,0,0,0,W
408.7609005,844.3130064,454.0608788,825.9450674,472.2409058,773.8416767,436.9337654,728.2944846,388.8245487,701.6347861,469.6931648,656.9071913,497.1310616,576.638031,510.6147194,526.328845,518.6953354,478.5097361,416.1559582,645.5373716,411.482048,550.2832031,401.985054,490.4554689,396.22118,439.5796394,372.8668213,667.9242468,332.4777603,587.9772735,305.7428169,534.2923343,286.9844627,487.4066663,337.1665478,714.4748211,330.5323219,679.1513515,353.7860584,706.836319,378.0756569,737.5965786,0,0,0,0,0,0,0,0,0,0,0,0,0,0,0,0,0,0,0,0,0,0,0,0,0,0,0,0,0,0,0,0,0,0,0,0,0,0,0,0,0,0,W
402.8065395,846.8905663,449.1655254,826.7035103,465.9581566,770.2538466,427.7464199,722.9807496,377.2937393,696.7551184,463.778944,657.7209949,487.5813675,576.4489031,499.2063332,525.9813273,505.5900192,478.5338438,410.5526161,645.6291676,404.0519714,547.6148772,394.3946457,487.3519492,387.4249363,437.1974516,367.9957294,666.6817832,326.3110828,586.9999623,298.6655045,532.398448,277.6365852,485.5600619,332.905426,712.2621918,329.4017029,675.696516,351.4085197,705.6703305,372.1834946,739.1243434,0,0,0,0,0,0,0,0,0,0,0,0,0,0,0,0,0,0,0,0,0,0,0,0,0,0,0,0,0,0,0,0,0,0,0,0,0,0,0,0,0,0,W
404.5796299,852.0250225,450.3207779,827.4404526,466.013689,771.8247414,429.9177933,726.169467,381.7075539,701.0885811,467.4526978,659.2856455,491.992321,577.850883,503.6194038,526.6619432,509.5136833,480.28965,414.1682339,646.3994551,409.1735172,549.9603724,399.711113,489.620744,393.6095524,440.2446771,370.7682323,666.0994005,330.9031105,584.352622,304.5649338,529.5621085,285.9466839,482.6146102,335.6718349,710.6514502,330.7958794,672.6732373,351.5913963,703.4940076,372.6352501,737.4811578,0,0,0,0,0,0,0,0,0,0,0,0,0,0,0,0,0,0,0,0,0,0,0,0,0,0,0,0,0,0,0,0,0,0,0,0,0,0,0,0,0,0,W
362.5751209,837.4561858,420.8826256,781.7205477,453.7259388,715.4391289,473.0098343,668.6859083,462.4899387,653.1009436,364.2413235,612.128613,356.8117619,528.3385384,390.9790134,488.4846246,426.0777855,473.4363699,328.3392906,625.7118344,406.3316631,586.9332719,438.7281704,631.0433364,438.6771297,664.6215248,308.8374424,657.5426817,399.4072723,658.1901455,417.5408363,701.0448074,408.1660366,723.9794326,302.7661228,699.2642498,377.8026295,703.6445117,404.4781494,725.9711981,406.8238449,738.6933017,0,0,0,0,0,0,0,0,0,0,0,0,0,0,0,0,0,0,0,0,0,0,0,0,0,0,0,0,0,0,0,0,0,0,0,0,0,0,0,0,0,0,X
352.5679779,797.3532128,428.4852219,749.5064878,463.9011955,696.8069386,492.2226906,661.7044616,491.3972282,652.6845789,368.9492798,593.9408541,377.4047756,511.5120757,428.1967163,490.9120345,470.1595688,501.263473,348.1226921,614.0856814,464.5130825,595.2659726,476.3299942,646.8718243,456.54459,666.3665485,348.5229778,651.3192916,469.6313667,663.8550353,469.0844822,703.5583806,441.9699383,711.7060733,362.3177147,694.6785736,459.5354748,708.3541059,467.0636559,735.7201052,449.5576572,742.6423931,0,0,0,0,0,0,0,0,0,0,0,0,0,0,0,0,0,0,0,0,0,0,0,0,0,0,0,0,0,0,0,0,0,0,0,0,0,0,0,0,0,0,X
348.5916138,781.4768314,427.5889206,736.1678195,466.8526554,684.6037459,497.83041,650.3970838,498.1588554,637.3246622,372.9881859,578.2064795,395.5384254,494.4782352,450.7633495,478.3046436,492.7894592,493.2183266,353.5987473,596.1278629,474.6408463,576.7561555,486.7192841,631.6522408,467.1595573,656.5691686,355.7221127,630.963707,479.2876053,644.63557,477.2326183,688.6774635,449.931736,703.1073833,371.8148232,672.5174546,471.1399269,689.0897083,475.8027649,719.1456628,455.8141708,729.8893261,0,0,0,0,0,0,0,0,0,0,0,0,0,0,0,0,0,0,0,0,0,0,0,0,0,0,0,0,0,0,0,0,0,0,0,0,0,0,0,0,0,0,X
403.4264374,815.6810474,451.2146473,770.3986859,481.2776184,708.3773446,483.4638405,661.3314199,447.3832226,657.3023772,419.242115,599.7440815,408.1254959,521.3490772,428.077755,489.5179403,452.6111412,486.0064888,370.0468826,611.0699987,407.2557735,586.6678619,434.1791725,632.0247674,441.8785,666.4887285,335.1688385,639.8981023,393.6787319,661.2016439,421.0192108,705.8503819,427.3621559,731.4056969,313.2572079,679.2178488,369.0941334,701.762116,404.9159718,732.6180339,421.1812019,748.3211875,0,0,0,0,0,0,0,0,0,0,0,0,0,0,0,0,0,0,0,0,0,0,0,0,0,0,0,0,0,0,0,0,0,0,0,0,0,0,0,0,0,0,X
370.3251457,863.0391169,428.6991692,806.9165325,473.9311409,727.4920106,513.0666733,662.5987315,547.3900223,622.0350409,389.4003868,681.7153287,382.6766682,651.8050504,377.9908848,700.9040236,381.347065,746.7136645,337.8765106,690.1492238,327.6842022,660.2249765,330.7027245,707.6272058,341.3171768,749.7870255,288.1441212,703.7724853,261.9518852,655.931747,249.9694347,665.8527231,244.4067192,681.965611,243.6261177,725.2407575,202.32831,677.4672246,170.6523943,647.5435567,142.881403,620.2372313,0,0,0,0,0,0,0,0,0,0,0,0,0,0,0,0,0,0,0,0,0,0,0,0,0,0,0,0,0,0,0,0,0,0,0,0,0,0,0,0,0,0,Y
391.8011284,828.9420176,447.2213745,774.3165565,486.0233116,688.3881712,519.0777969,618.4565449,551.6059113,575.7618499,410.9311295,644.2857671,405.4921532,603.5625601,401.0338783,653.2255697,403.3097935,700.0749636,356.7013264,650.6395769,350.5285263,607.2913027,361.8000698,667.506659,377.3009491,721.9934607,305.6463432,659.7084475,279.4009495,592.7187967,293.7795639,620.3097153,313.1828499,655.415926,262.5429153,677.294383,219.0220785,623.6261487,186.7375946,589.5431471,160.1006556,557.3763371,0,0,0,0,0,0,0,0,0,0,0,0,0,0,0,0,0,0,0,0,0,0,0,0,0,0,0,0,0,0,0,0,0,0,0,0,0,0,0,0,0,0,Y
430.1316833,829.9622011,488.9916229,776.7931795,529.6112251,693.972466,564.1110992,625.4200315,593.6016083,579.2593646,460.7508659,651.1743236,459.3800926,610.0991249,453.4808064,662.5521898,453.6927509,710.5725288,407.0705795,653.7119079,402.610445,610.1905346,413.7311268,670.9800982,428.6650372,722.526083,356.4317608,659.9710894,333.5542774,593.5659456,346.9536209,616.5153766,364.2969131,645.413003,313.3450413,675.8089757,271.9680405,621.303699,240.4677773,586.0885048,213.2741261,552.9526877,0,0,0,0,0,0,0,0,0,0,0,0,0,0,0,0,0,0,0,0,0,0,0,0,0,0,0,0,0,0,0,0,0,0,0,0,0,0,0,0,0,0,Y
431.3777161,827.1341658,491.1366463,776.7374969,531.5629005,693.4711289,565.5540848,624.0219784,592.3804665,574.9877,470.3742599,643.4381032,473.2123375,597.8641319,464.9228954,644.2922044,459.9525833,690.776217,417.6628304,644.5811105,415.2789402,594.0329075,419.4517136,642.341702,427.6314354,692.9393435,367.2361565,649.702692,349.1601563,581.4325976,360.9852791,592.7748656,376.7583561,613.547008,323.6314487,665.0635099,287.7238655,609.236269,266.5247726,571.1525488,250.3126144,536.2629533,0,0,0,0,0,0,0,0,0,0,0,0,0,0,0,0,0,0,0,0,0,0,0,0,0,0,0,0,0,0,0,0,0,0,0,0,0,0,0,0,0,0,Y
529.5558929,742.1314645,589.8646545,706.5253973,637.9143906,645.1771402,644.6887207,586.7143393,619.5500565,548.814404,617.7356529,580.20082,654.3695068,518.8818204,682.334919,479.6436346,703.6723137,445.8173525,577.0693588,577.6381302,599.404335,542.1666026,599.2094421,594.619925,591.4427376,637.2555256,535.1037025,584.7653174,561.9391251,562.559588,565.9121704,615.3326511,559.7503853,654.7539139,489.1043472,600.1104927,515.4706192,574.6272111,533.9476204,610.7253456,537.7653122,642.9806685,0,0,0,0,0,0,0,0,0,0,0,0,0,0,0,0,0,0,0,0,0,0,0,0,0,0,0,0,0,0,0,0,0,0,0,0,0,0,0,0,0,0,Z
306.9749451,1017.185969,328.2661057,967.3865533,315.5724049,909.2325497,265.8278847,883.2293272,213.8059759,872.5848627,263.6603165,824.6237469,206.8360662,775.1500583,161.7159748,751.7160273,122.2720528,734.7189116,222.9996014,858.5609436,182.5824451,861.7356277,222.2288132,909.4708586,260.3820992,934.8485041,188.7946701,897.2499633,160.3652143,907.0860958,208.9219522,946.0122657,249.7140312,964.4701982,163.2391691,937.3764968,133.7201357,938.620441,172.3916101,965.4081774,207.3189068,978.6383772,0,0,0,0,0,0,0,0,0,0,0,0,0,0,0,0,0,0,0,0,0,0,0,0,0,0,0,0,0,0,0,0,0,0,0,0,0,0,0,0,0,0,Z
392.1177292,1060.67625,426.7245483,1024.416604,425.5348492,967.3283601,388.8284111,937.6864529,342.2329617,936.4414144,373.4985924,923.0659246,352.9068375,881.2753487,331.265173,856.4447451,311.0459805,837.7144504,318.2704639,946.0253334,352.1471786,985.5559659,383.970623,1016.107271,402.6277542,1029.585822,286.1676693,986.6973639,323.2368565,1031.626961,356.6046238,1050.876102,374.7130108,1056.877856,266.7360592,1031.605847,300.9807873,1069.429758,332.9412746,1082.944679,350.0609207,1084.242568,0,0,0,0,0,0,0,0,0,0,0,0,0,0,0,0,0,0,0,0,0,0,0,0,0,0,0,0,0,0,0,0,0,0,0,0,0,0,0,0,0,0,Z
